Мономер,C6H12,4-Метилпентен-1,Алкены,84.162
Мономер,C7H10,Норборнен,Бициклоалкены,94.157
Мономер,C3H6O,Пропаналь,Альдегиды,58.08
Мономер,C4H8O,Бутаналь,Альдегиды,72.107
Мономер,C5H10O,Пентаналь,Альдегиды,86.134
Мономер,C6H12O,Гексаналь,Альдегиды,100.161
Мономер,C7H14O,Гептаналь,Альдегиды,114.188
Мономер,C2HCl3O,Трихлорэтаналь,Альдегиды,147.379
Мономер,C4H4O4,Этиленоксалат,Циклические эфиры,116.072
Мономер,C4H4O4,Гликолид,Циклические эфиры,116.072
Мономер,C17H14O2N2,2.2-бис-(4-цианатофенил)-пропан,Цианаты,278.311
Мономер,C5H10,транс-Пентен-2,Алкены,70.135
Мономер,C14H34Cl2N2Si2Zn,Мономерный комплекс n-(β-триметилсилилэтил)-этиленимина с хлористым цинком,Комплексы иминов (с хлористым цинком),422.89
Мономер,C16H38Cl2N2Si2Zn,Мономерный комплекс n-(β-триметилсилилэтил)-триметиленимина с хлористым цинком,Комплексы иминов (с хлористым цинком),450.944
Мономер,C15H10O2N2,4.4-Дифенилметандиизоцианат,Изоцианаты,250.257
Мономер,C4H6N2O2,2.5-Дикетопиперазин,Циклические амиды,114.104
Мономер,C5H10,Циклопентан,Циклоалканы,70.135
Мономер,C4H2O,Этаналь,Альдегиды,66.059
Мономер,C6H12,Циклогексан,Циклоалканы,84.162
Мономер,C7H14,Циклогептан,Циклоалканы,98.189
Мономер,C8H16,Циклооктан,Циклоалканы,112.216
Мономер,C6H8O4,dl-Лактид,Циклические эфиры,144.126
Мономер,CH2O,Метаналь,Альдегиды,30.026
Мономер,C4H6O2,γ-Бутиролактон,Лактоны,86.09
Мономер,C3H4O2,β-Пропиолактон,Лактоны,72.063
Мономер,C6H10O2,е-Капролактон,Лактоны,114.144
Мономер,C5H8O2,б-Валеролактон,Лактоны,100.117
Мономер,C11H20O2,Ундеканолактон,Лактоны,184.279
Мономер,C13H24O2,Тридеканолактон,Лактоны,212.333
Мономер,C15H28O2,Пентадеканолактон,Лактоны,240.387
Мономер,C6H10,Циклогексен,Циклоалкены,82.146
Мономер,C7H12,цис-Циклогептен,Циклоалкены,96.173
Мономер,C7H12,4-Метилциклогексен,Циклоалкены,96.173
Мономер,C8H14,2.4-Диметилциклогексен-1,Циклоалкены,110.2
Мономер,C5H8,Циклопентен,Циклоалкены,68.119
Мономер,C6H7O2N,Этил-α-цианакрилат,Цианакрилаты,125.127
Мономер,C7H7O2N,Аллил-α-цианакрилат,Цианакрилаты,137.138
Мономер,C9H11O3N,Аллилоксиэтил-α-цианакрилат,Цианакрилаты,181.191
Мономер,C14H23O2N,н-Децил-α-цианакрилат,Цианакрилаты,237.343
Мономер,C5H12Si,Винилтриметилсилан,Винилорганосиланы,100.23
Мономер,C10H14Si,Винилдиметилфенилсилан,Винилорганосиланы,162.3
Мономер,C11H16Si,Винилбензилдиметилсилан,Винилорганосиланы,174.3
Мономер,C4H6,Бутадиен-1.3,Алкадиены,54.092
Мономер,C8H12,Циклооктадиен-1.5,Циклодиены,108.184
Мономер,C4H8O,Тетрагидрофуран,Циклические эфиры,72.107
Мономер,C6H12,цис-4-Метилпентен-2,Алкены,84.162
Мономер,C2HBrCl2O,Бромдихлорэтаналь,Альдегиды,191.833
Мономер,C2HBrF2O,Бромдифторэтаналь,Альдегиды,158.93
Мономер,C2HBr2ClO,Дибромхлорэтаналь,Альдегиды,236.287
Мономер,C2HBr2FO,Дибромфторэтаналь,Альдегиды,219.835
Мономер,C2HBr3O,Трибромэтаналь,Альдегиды,280.741
Мономер,C2HClF2O,Дифторхлорэтаналь,Альдегиды,114.476
Мономер,C2HCl2FO,Фтордихлорэтаналь,Альдегиды,130.927
Мономер,C2HF3O,Трифторэтаналь,Альдегиды,98.024
Мономер,C3H4Cl2O,2.2-Дихлорпропаналь,Альдегиды,126.964
Мономер,C4H7ClO,"2-Метил,2-хлорпропаналь",Альдегиды,106.549
Мономер,C4H8O,2-Метилпропаналь,Альдегиды,72.107
Мономер,C4H8O2,3-Метилоксипропаналь,Альдегиды,88.106
Мономер,C16H12Si,Дифенилдиэтинилсилан,Органосиланы,232.357
Мономер,C8D14O2,н-Дейтеробутилметакрилат,Акрилаты,156
Мономер,C6H12,Гексен-1,Алкены,84.162
Мономер,C4H6O3,пара-Диоксанон,Оксолактоны,102.089
Полимер,[-C8H8O-],"Поли-(2,6-диметил-n-фенилен)-оксид",Полиэфиры,120.139
Полимер,[-C3H6O-],Полипропаналь,Полиальдегиды,58.075
Полимер,[-C4H8O-],Полибутаналь,Полиальдегиды,72.101
Полимер,[-C6H12-],Поли-4-метилпентен-1,Полиалкены,84.152
Полимер,[-C5H10O-],Полипентаналь,Полиальдегиды,86.126
Полимер,[-C6H12O-],Полигексаналь,Полиальдегиды,100.151
Полимер,[-C7H14O-],Полигептаналь,Полиальдегиды,114.176
Полимер,[-C2HCl3O-],Политрихлорэтаналь,Полиальдегиды,147.385
Полимер,[-O-CH2-CH2-O-CO-CO-],Полиэтиленоксалат,Полиэфиры,116.067
Полимер,[-O-CH2-CO-O-CH2-CO-],Полигликолид,Полиэфиры,116.067
Полимер,[-C14H34Cl2N2Si2Zn-],Полимерный комплекс n-(β-триметилсилилэтил)-этиленимина с хлористым цинком,Комплексы полииминов (с хлористым цинком),422.872
Полимер,[-C16H38Cl2N2Si2Zn-],Полимерный комплекс n-(β-триметилсилилэтил)-триметиленимина с хлористым цинком,Комплексы полииминов (с хлористым цинком),450.923
Полимер,[-C45H30O6N6-],Полиизоцианурат на основе 4.4-дифенилметандиизоцианата,Полиизоцианураты,750.704
Полимер,[-C24H12N6-],Поли-2.4.6-фенилен-симм-триазин,Политриазины,384.365
Полимер,[-C51H42O6N6-],Полицианурат,Полицианураты,834.856
Полимер,[-C7H14-],Полигептен-1,Полиалкены,98.177
Полимер,[-C5H8O2-],Поли-б-валеролактон,Полилактоны,100.11
Полимер,[-C8H16-],Полиоктен-1,Полиалкены,112.202
Полимер,[-C6H8O4-],Полилактид,Полиэфиры,144.118
Полимер,[-C2H4O-],Полиэтаналь(изотактический),Полиальдегиды,44.05
Полимер,[-C6H10O2-],Поли-е-капролактон,Полилактоны,114.135
Полимер,[-C4H6O2-],Поли-γ-бутиролактон,Полилактоны,86.084
Полимер,[-CH2O-],Полиметаналь,Полиальдегиды,30.025
Полимер,[-C11H20O2-],Полиундеканолактон,Полилактоны,184.261
Полимер,[-C13H24O2-],Политридеканолактон,Полилактоны,212.312
Полимер,[-C15H28O2-],Полипентадеканолактон,Полилактоны,240.362
Полимер,[-C4H6-],транс-1.4-Полибутадиен,Полиалкеномеры,54.085
Полимер,[-C7H12-],Полигептеномер,Полиалкеномеры,96.161
Полимер,[-C7H12-],Поли-4-метилгексеномер,Полиалкеномеры,96.161
Полимер,[-C8H14-],транс-Изопренпропиленовый сополимер,Полиалкены сополимер,110.187
Полимер,[-C8H14-],цис-Изопренпропиленовый сополимер,Полиалкены сополимер,110.187
Полимер,[-C5H8-],транс-Полипентеномер,Полиалкеномеры,68.111
Полимер,[-C6H7O2N-],Полиэтил-α-цианакрилат,Полицианакрилаты,125.118
Полимер,[-C7H7O2N-],Полиаллил-α-цианакрилат,Полицианакрилаты,137.128
Полимер,[-C9H11O3N-],Полиаллилоксиэтил-α-цианакрилат,Полицианакрилаты,181.178
Полимер,[-C14H23O2N-],Поли-н-децил-α-цианакрилат,Полицианакрилаты,237.321
Полимер,[-C5H12Si-],Поливинилтриметилсилан,Поливинилорганосиланы,100.228
Полимер,[-C10H14Si-],Поливинилдиметилфенилсилан,Поливинилорганосиланы,162.292
Полимер,[-C4H8O-],Политетрагидрофуран,Полиэфиры,72.101
Полимер,[-C2HBrCl2O-],Полибромдихлорэтаналь,Полиальдегиды,191.836
Полимер,[-C2HBrF2O-],Полибромдифторэтаналь,Полиальдегиды,158.926
Полимер,[-C2HBr2ClO-],Полидибромхлорэтаналь,Полиальдегиды,236.287
Полимер,[-C2HBr2FO-],Полидибромфторэтаналь,Полиальдегиды,219.832
Полимер,[-C2HBr3O-],Политрибромэтаналь,Полиальдегиды,280.738
Полимер,[-C2HClF2O-],Полидифторхлорэтаналь,Полиальдегиды,114.475
Полимер,[-C2HCl2FO-],Полифтордихлорэтаналь,Полиальдегиды,130.930
Полимер,[-C2HF3O-],Политрифторэтаналь,Полиальдегиды,98.02
Полимер,[-C3H4Cl2O-],Полидихлорпропаналь,Полиальдегиды,126.966
Полимер,[-C4H7ClO-],Полиметилхлорпропаналь,Полиальдегиды,106.546
Полимер,[-C4H8O-],Полиметилпропаналь,Полиальдегиды,72.101
Полимер,[-C4H8O2-],Полиметилоксипропаналь,Полиальдегиды,88.1
Полимер,[-C16H10Si-],Полидифенилдиэтинилсилан,Полиорганосиланы,230.319
Полимер,[-C8H14O2-],Поли-н-бутилметакрилат,Полиакрилаты,142.186
Полимер,[-C8D14O2-],Поли-н-дейтеробутилметакрилат,Полиакрилаты,156.272
Полимер,[-C4H6O3-],Поли-пара-диоксанон,Полиэфиры,102.083
Полимер,[-C6H12-],Полигексен-1,Полиалкены,84.153
Полимер,[-C28H24 Ge2-],Поливинилендифенилгерман,Полиорганогерманы,505.639
Полимер,C28H24GeSi,Поливинилендифенилсилангерман,Полиорганосилангерманы,461.215
Мономер,C2H3Cl1,Винилхлорид,Виниловые и родственные,62.496
Полимер,C2H3Cl1,Поливинилхлорид,Виниловые и родственные,62.496
Полимер,C3H4O2,Поли-β-пропиолактон,Полилактоны,72.063
Полимер,C4H6N2O2,Полиглицин,Полиамиды,114.104
Полимер,C11H16Si1,Поливинилбензилдиметилсилан,Поливинилорганосиланы,176.334
Полимер,C24H36O6N6,Поли-2.4.6-(гексаметилен)изоцианурат,Полиизоцианаты,504.588
Полимер,C6H19Si1N1,Поли-n-(β-триметилсилилэтил)-триметиленимин,Полиимины,133.31
Полимер,C7H17Si1N1,Поли-n-(β-триметилсилилэтил)-этиленимин,Полиимины,143.305
Полимер,C2H5N1,Полиэтиленимин,Полиимины,43.069
Мономер,C7H5O1N1,Фенилцианат,Цианаты,119.123
Полимер,C21H15O3N3,Трифенилцианурат,Цианураты,357.369
Полимер,C21H15N3,1.3.5-Трифенил-симм-триазин,Циклотримеры,309.372
Мономер,C7H5N1,Бензонитрил,Нитрилы,103.124
Мономер,C7H5NO,Фенилизоцианат,Изоцианаты,119.123
Мономер,C13H10N2,Дифенилкарбодиимид,Карбодиимиды,194.237
Мономер,C8H6,Фенилацетилен,Ацетилены,102.136
Полимер,C23H17N1,2.4.6-Трифенилпиридин,Пиридины,307.396
Полимер,C39H30N6,Гексафенилмеламин,Меламины,582.711
Мономер,C16H12Ge1,Дифенилдиэтинилгерман,Органогерманы,276.902
Полимер,C16H10Ge1,Полидифенилдиэтинилгерман,Полиорганогерманы,274.886
Мономер,C32H22Ge1,2.3.4.5-Тетрафенил-1.1-диэтинил-1-гермациклопентадиен,Гермаацетилены,479.158
Полимер,C32H20Ge1,Поли-2.3.4.5-тетрафенил-1.1-диэтинил-1-гермациклопентадиен,Полигермаацетилены,477.142
Мономер,C18H16O2Si1,Дианизилдиэтинилсилан,Органосиланы,292.409
Полимер,C18H14O2Si1,Полидианизилдиэтинилсилан,Полиорганосиланы,290.393
Полимер,C4H8,Полибутен-1 (изотактический),Полиалкены,56.108
Мономер,C4H8,цис-Бутен-2,Алкены,56.108
Полимер,C3H6,Полипропилен,Полиалкены,42.081
Мономер,C5H10,Пентен-1,Алкены,70.135
Полимер,C5H10,Полипентен-1,Полиалкены,70.135
Мономер,C5H10,цис-Пентен-2,Алкены,70.135
Мономер,C4H8,транс-Бутен-2,Алкены,56.108
Мономер,C6H12,транс-4-Метилпентен-2,Алкены,84.162
Мономер,C4H8,Бутен-1,Алкены,56.108
Мономер,C7H14,Гептен-1,Алкены,98.189
Мономер,C8H16,Октен-1,Алкены,112.216
Мономер,C6H18Si3O3,1.1.3.3.5.5-Гексаметилциклотрисилоксан,Циклосилоксаны,222.462
Полимер,C2H6SiO,Полидиметилсилоксан,Полисилоксаны,74.154
Мономер,C8H24Si4O4,1.1.3.3.5.5.7.7-Октаметилциклотетрасилоксан,Циклосилоксаны,296.616
Мономер,C12H30Si3O3,1.1.3.3.5.5-Гексаэтилциклотрисилоксан,Циклосилоксаны,306.624
Полимер,C4H10Si1O1,Полидиэтилсилоксан,Полисилоксаны,102.208
Олигомер,C24H18,1.3.5-Трифенилбензол,Бензолы,306.408
Олигомер,C21H15N3O3,Трифенилизоцианурат,Изоцианураты,357.369
Олигомер,C39H30N6,Гексафенилизомеламин,Изомеламины,582.711
Мономер,C2F4,Тетрафторэтилен,Виниловые и родственные,100.016
Полимер,C2F4,Политетрафторэтилен,Виниловые и родственные,100.016
Мономер,C3H6,Пропилен,Алкены,42.081
Мономер,C22H34O4N2,1.4-бис-(2.2.6.6-тетраметил-4-окси-1-оксилпипередил)бутадиин,Диацетилены,390.524
Полимер,C22H34O4N2,Поли-1.4-бис-(2.2.4.4-тетраметил-4-окси-1-оксилпиперидил)бутатриен,Полиены,390.524
Мономер,C2H2Cl2,Винилиденхлорид,Виниловые и родственные,96.938
Полимер,C2H2Cl2,Поливинилиденхлорид,Виниловые и родственные,96.938
Мономер,C8H14,Винилциклогексан,Виниловые и родственные,110.2
Мономер,C8H8,Циклооктатетраен,Циклотетраены,104.152
Мономер,C70,Фуллерен С70,Фуллерен,840.77
Полимер,C2H2,цис-Полиацетилен,Полиены,26.038
Полимер,C2H2,транс-Полиацетилен,Полиены,26.038
Полимер,C9H12O2,"Полибицикло[2,2,1]-гепт-2-ен-5-ацетат",Полинорборнены,152.193
Мономер,C60,Фуллерен С60,Фуллерен,720.66
Мономер,C9H12O2,Бицикло[2.2.1]гептен-2,Циклоалкены,152.193
Полимер,C12H10Si1O1,Полидифенилсилоксан,Полисилоксаны,198.296
Полимер,C16D8H8,Сополимер стирола с дейтеростиролом (1:1),Виниловые и родственные,0
Полимер,C2H4O1,Полиэтаналь(атактический),Полиальдегиды,44.053
Полимер,C8D3H5,Полидейтеростирол (дейтерированный в цепочке),Виниловые и родственные,107.168
Полимер,C8D5H3,Полидейтеростиролл(дейтерированный в ядре),Виниловые и родственные,109.1799
Мономер,C8D8,Дейтеростирол,Виниловые и родственные,112.1984
Мономер,C3H6,Циклопропан,Циклоалканы,42.081
Полимер,C5H9O2N1,Циклический уретан1,Полиуретан,115.132
Полимер,C8D8,Полидейтеростирол,Виниловые и родственные,112.1984
Мономер,C4H8,Циклобутан,Циклоалканы,56.108
Полимер,C6H12Si1,Поли-[1-триметилсилил-1-пропин],Полиены,112.247
Мономер,C8H8,Стирол,Виниловые и родственные,104.152
Полимер,C8H8,Полистирол,Виниловые и родственные,104.152
Полимер,C9H10,Поли-α-метилстирол,Виниловые и родственные,118.179
Мономер,C9H10,α-Метилстирол,Виниловые и родственные,118.179
Мономер,C8H4N2,1.4-Дицианобензол,Нитрилы,128.134
Мономер,C3H4O2,Акриловая кислота,Виниловые и родственные,72.063
Полимер,C3H4O2,Полиакриловая кислота,Виниловые и родственные,72.063
Полимер,C7H14Si1,Полиметилдиаллилсилан,Полиены,126.274
Мономер,C7H14Si1,Диаллилметилсилан,Органосиланы,126.274
Мономер,H2,Диводород,Неорганические соединения,2.016
Полимер,C4H6,цис-1.4-Полибутадиен,Полиалкеномеры,54.092
Мономер,C8H14O2,н-Бутилметакрилат,Акрилаты,142.19799999999998
Мономер,C4H6,Циклобутен,Циклоалкены,54.092
Мономер,C12H12Ge,Дифенилгерман,Органогерманы,228.858
Мономер,C2H4,Этилен,Алкены,28.054
Полимер,C1H2,Полиэтилен,Полиалкены,14.027
Полимер,C6H10,Полигексеномер,Полиалкеномеры,82.146
Полимер,C5H8,цис-Полипентеномер,Полиалкеномеры,68.119
Мономер,C3H3O1,Пропилакрилат,Акрилаты,55.056
Полимер,C8H14,Поливинилциклогексан,Виниловые и родственные,110.2
Мономер,,5-Триметилсилил-2-норборнен,???,0
Мономер,,5-Триметилсилил-2-норборнен,Норборнены,0
Мономер,C10H18Si,5-Триметилсилилнорборнен-2,Норборнены,166.339
Полимер,[-C10H18Si-],Поли-5-триметилсилилнорборнен-2,Норборнены,166.339
Полимер,C10H18Si,Поли-5-триметилсилилнорборнен-2,W2,166.339
Мономер,c1,5-Триметилсилил-2-норборнен,Норборнены,0
неизвестно,H2,Диводород,Неорганические соединения,2.016
Полимер,C10H18Si,Поли-5-триметилсилилнорборнен-2,Полинорборнены,166.339
Мономер,C2H4,Этилен,Алкены,28.054
Мономер,C6H10,Циклогексен,Циклоалкены,82.146
Мономер,C4H8,Бутен-1,Алкены,56.108
Мономер,C4H8,цис-Бутен-2,Алкены,56.108
Мономер,C4H8,транс-Бутен-2,Алкены,56.108
Мономер,C2H4,Этилен,Алкены,28.054
Полимер,C4H6,транс-1.4-Полибутадиен,Полиалкеномеры,54.092
Мономер,C4H6,Бутадиен-1.3,Алкадиены,54.092
Полимер,C7H12,Поли-4-метилгексеномер,Полиалкеномеры,96.173
Мономер,C4H6,Бутадиен-1.3,Алкадиены,54.092
Мономер,C48H40Si8O12,Октафенилгексациклооктасилоксан(кубический октамер),Силоксаны,1033.516
Мономер,C48H40Si8O12,Кубический октамер,Циклосилоксаны,1033.516
Мономер,C5H13Si1N1,Триметилсилилэтинилимин,Имины,115.251
Мономер,C5H13Si1N1,Тириметилсилилэтинилимин,Имины,115.251
Мономер,C48H40Si8O12,Октафенилгексациклооктасилоксан(кубический октамер),Циклосилоксаны,1033.516
Мономер,C4H6,Бутадиен-1.3,Алкадиены,54.092
Полимер,C4H6,цис-1.4-Полибутадиен,Полиалкены,54.092
Полимер,C1H2,Полиэтилен,Полиалкены,14.027
Полимер,C7H14Si1,Полиаллилвинилдиметилсилан,Полисиланы,126.274
Полимер,C8H14,Поливинилциклогексан,Виниловые и родственные,110.19999999999999
Полимер,C13H12O4N2P1Na1,ПАК-ПФ-ДП,Интерполимерные комплексы,314.21253127800003
неизвестно,H2,Диводород,Неорганические соединения,2.016
Полимер,C8H8,полистирол (синдиотактический),Виниловые и родственные,104.15199999999999
Полимер,C8H8,Полистирол (синдиотактический),Виниловые и родственные,104.152
Мономер,C60H36,Гидрид фуллерена C60,Фуллерен,756.948
Полимер,C8H8,Полистирол (синдиотактический),Виниловые и родственные,104.15199999999999
Мономер,C60H36,Гидрид фуллерена C60,Фуллерен,756.948
Мономер,C60H36,Гидрид фуллерена C60 (удалить),Фуллерен,756.948
Мономер,C60H36,Гидрид фуллерена C60,Фуллерен,756.948
Мономер,C60H36,Гидрид фуллерена C60 (удалить),Фуллерен,756.948
Полимер,C4H6O,Сополимер монооксида углерода с пропиленом,Сополимеры СО с алкенами,70.091
Полимер,C4H6O,Сополимер монооксида углерода с пропиленом (1),Сополимеры СО с алкенами,70.091
Полимер,C4H6O,Сополимер монооксида углерода с пропиленом,Сополимеры СО с алкенами,70.091
Мономер,C1O1,Монооксид углерода  II (СО),Оксиды,28.01
Полимер,C4H6O,Сополимер монооксида углерода с пропиленом,Сополимеры СО с алкенами,70.091
Полимер,C4H6O,Сополимер монооксида углерода с пропиленом1,Сополимеры СО с алкенами,70.091
Полимер,C4H6O,Сополимер монооксида углерода с пропиленом,Сополимеры СО с алкенами,70.091
Полимер,C4H6O,Сополимер монооксида углерода с пропиленом1,Сополимеры СО с алкенами,70.091
Полимер,C4H6O,Сополимер монооксида углерода с пропиленом,Сополимеры СО с алкенами,70.091
Полимер,P1O3Na1,Полифосфат натрия,Полифосфаты,101.960531278
Полимер,C13H12O5N2P1Na1,ПАК-ПФ-ДП,Интерполимерные комплексы,330.211531278
Полимер,C13H12O5N2P1Na1,ПАК-ПФ-ДП1,Интерполимерные комплексы,330.211531278
Полимер,C13H12O5N2P1Na1,ПАК-ПФ-ДП2,Интерполимерные комплексы,330.211531278
Полимер,C13H12O5N2P1Na1,ПАК-ПФ-ДП,Интерполимерные комплексы,330.211531278
Полимер,C3H4O2,Полиакриловая кислота,Виниловые и родственные,72.063
Мономер,C5H13Si1N1,Триметилсилилэтинилимин,Имины,115.251
неизвестно,C10H8N2,"4,4' - Дипиридил",Гетероциклы,156.188
Полимер,C3H4N1O2,Полициклодиметиленуретан,Полиуретан,86.07
Мономер,C3H4N1O2,Пятичленный уретан,Уретаны,86.07
Полимер,C2H2,транс-Полиацетилен,Полиены,26.038
Мономер,C12H10,Дифенил,Бензолы,154.21200000000002
Мономер,C36H30Si3O3,Гексафенилциклогексасилоксан,Циклосилоксаны,594.8879999999999
Мономер,C48H40Si4O4,Октафенилциклотетрасилоксан,Циклосилоксаны,793.1840000000001
Полимер,C8H5Au1,Фенилацетиленид золота,Координационные,298.09457
Мономер,C36H30Si3O3,Гексафенилциклогексасилоксан,Циклосилоксаны,594.8879999999999
Мономер,C9H10,α-Метилстирол,Виниловые и родственные,118.17899999999999
Полимер,C12H10Si1O1,Полидифенилсилоксан,Полисилоксаны,198.296
Мономер,C36H30Si3O3,Гексафенилциклогексасилоксан,Циклосилоксаны,594.8879999999999
Полимер,C12H10Si1O1,Полидифенилсилоксан,Полисилоксаны,198.29600000000002
Мономер,C48H40Si4O4,Октафенилциклотетрасилоксан,Циклосилоксаны,793.1840000000001
Полимер,C12H10Si1O1,Полидифенилсилоксан,Полисилоксаны,198.29600000000002
Мономер,C60H36,Гидрид фуллерена C60,Фуллерен,756.948
Мономер,C1,Комплекс,Фулерены,12.011
Мономер,C24H20P1Cl1O4,тетрафенилфосфониумперхлорат,перхлораты,438.843761998
Мономер,C9,Ч1,Перхлораты,108.09899999999999
Мономер,C24H20P1Cl1O4,тетрафенилфосфониумперхлорат,перхлораты,438.843761998
Мономер,C24H20As1Cl1O4,Тетрафениларсениумперхлорат,Перхлораты,482.791595
Полимер,C1H2,Полиэтилен,Полиалкены,14.027
Полимер,C8H13Cu1,Гексилацетиленид меди,Координационный полимер,172.738
Полимер,C8H13Cu1,Гексилацетиленид меди,Координационные,172.738
Мономер,Na1Zr2P3O12,Натрийцирконийфосфат,Фосфаты,490.347055274
Полимер,C16H10Hg1,Дифенилацетилинид ртути,Координационные,402.848
Мономер,Na1Zr2P3O12,Натрийцирконийфосфат,Фосфаты,490.347055274
Полимер,C16H10Hg1,Дифенилацетилинид ртути,Координационные,402.848
Полимер,C5H9O2N1,Циклический уретан1,Полиуретан,115.132
Мономер,C3H4N1O2,Пятичленный уретан,Уретаны,86.07
Мономер,C5Y5H1N1,Пятичленный уретан,Уретаны,519.5992
Полимер,C5H9O2N1,Циклический уретан1,Полиуретан,115.132
Мономер,C5Y5H1N1,Пятичленный уретан,Уретаны,519.5992
Полимер,C5H9O2N1,Циклический уретан1,Полиуретан,115.132
Полимер,C12H10Si1O1,Полидифенилсилоксан,Полисилоксаны,198.29600000000002
Полимер,C5H9O2N1,Циклический уретан1,Полиуретан,115.132
Полимер,C12H10Si1O1,Полидифенилсилоксан,Полисилоксаны,198.29600000000002
Мономер,Na1Zr2P3O12,Натрийцирконийфосфат,Фосфаты,490.347055274
Полимер,C12H10Si1O1,Полидифенилсилоксан,Полисилоксаны,198.29600000000002
Мономер,C20H30Si2N2ZnCl2,(диметилфенилсилил)этиленимин-ZnCI2,Имины,490.924
Мономер,C10H26Si2N2ZnCl2,(триметилсилил)этиленимин-ZnCl2,Имины,366.782
Мономер,C20H30Si2N2ZnCl2,(диметилфенилсилил)этиленимин-ZnCI2,Имины,490.924
Мономер,C16H38Si2N2ZnCl2,(триэтилсилил)этиленимин ZnCl2,Имины,450.944
Мономер,C60H36,Гидрид фуллерена C60,Фуллерен,756.948
Полимер,C6H12Si1,Полидиметилсилациклопентен,Полиорганосиланы,112.247
Мономер,C6H12Si1,Диметилсилациклопентен,Полиорганосиланы,112.247
Полимер,C60,Тетрагональный фуллетит,Фуллериты,720.66
Полимер,C60,Орторомбический фуллерит,Фуллериты,720.66
Полимер,C60,Тетрагональный фуллетит,Фуллериты,720.66
Полимер,C60,Орторомбический фуллерит,Фуллериты,720.66
Полимер,C60,Тетрагональный фуллетит,Фуллериты,720.66
Полимер,C60,Орторомбический фуллерит,Фуллериты,720.66
Полимер,C60,Тетрагональный фуллетит,Фуллериты,720.66
Полимер,C60,Орторомбический фуллерит,Фуллериты,720.66
Полимер,C4H4O4,Полигликолид,Полиэфиры,116.072
Полимер,C6H12,Поли-4-метилпентен-1,Полиалкены,84.162
Полимер,C8D8,Полидейтеростирол,Виниловые и родственные,0
Полимер,C8H14,транс-Изопренпропиленовый сополимер,Полиалкены сополимер,110.2
Полимер,C5H8,транс-Полипентеномер,Полиалкеномеры,68.119
Полимер,C5H5,транс-Полипентеномер,Полиалкеномеры,65.095
Полимер,C7H12,Поли-4-метилгексеномер,Полиалкеномеры,96.173
Мономер,C10H18O9N2,дикарбоновые кислоты,кислоты,310.259
Полимер,C5H8,цис-Полипентеномер,Полиалкеномеры,68.119
Полимер,[-C7H12-],Полигептеномер,Полиалкеномеры,96.1702
Полимер,C7H12,Поли-4-метилгексеномер,Полиалкеномеры,96.173
Мономер,C10H18O9N2,дикарбоновые кислоты,кислоты,310.259
Полимер,C60,Орторомбический фуллерит,Фуллериты,720.66
Полимер,C60,Тетрагональный фуллетит,Фуллериты,720.66
Полимер,C60,Орторомбический фуллерит,Фуллериты,720.66
Полимер,C7H14Si1,полидиаллилметилсилан,полимер,126.2716
Мономер,C16H38Si2N2ZnCl2,(триэтилсилил)этиленимин ZnCl2,Имины,450.94399999999996
Полимер,c12,G-1 (Und- Me),дендримеры,0.0
Полимер,C2,Трехкомпонентный+вода,Интерполимерные комплексы,24.022
неизвестно,C4H3Cl3,"Поли-1,2,3-трихлорбутадиен",Полибутадиены,157.418
Полимер,C8H8,Полистирол (синдиотактический),Виниловые и родственные,104.15199999999999
Мономер,C5H9N1O2,цикло(метилтриметиленуретан),Уретаны,115.132
Полимер,C5H9N1O2,поли(метилтриметиленуретан),Полиуретан,115.132
Полимер,c12,G-1 (Und- Me),дендримеры,0
Полимер,C2,Трехкомпонентный+вода,Интерполимерные комплексы,24.022
Полимер,C9H8O1,Сополимер СО со стиролом,Сополимеры СО с алкенами,132.16199999999998
Полимер,"C5,5H10Si1",Фуллеренсодержащий поли(силдиметил)триметилен,Фуллериты,0.0
Полимер,C100,G-2(Und-MPhB),дендримеры,1201.1
Полимер,C8H8,Полистирол (синдиотактический),Виниловые и родственные,104.15199999999999
Мономер,C12H8O2,Диоксин,Диоксины,184.194
Мономер,C12H8O2Cl,Хлордиоксин,Диоксины,219.644
Мономер,C10Si1N1H15,Диметилфенилсилилэтиленимин,Имины,177.322
Мономер,C12H8O2,Диоксин,Диоксины,184.194
Мономер,C12H8O2Cl,Хлордиоксин,Диоксины,219.644
Мономер,C12H8O2Cl,Хлордиоксин,Имины,219.644
Мономер,C10Si1N1H15,диметилфенилсилилэтиленимин,Имины,177.322
Полимер,C8H8,Полистирол (синдиотактический),Виниловые и родственные,104.15199999999999
Полимер,c1,лактоглобулин,биополимеры,0
Полимер,с,Лактоглобулин,биополимер,0.0
Полимер,с,Альбумин,биополимер,0.0
Полимер,с,Миоглобин,биополимер,0.0
Полимер,c1,Триптофан,биополимер,204.2252
Полимер,с,миоглобин,биополимер,0
Полимер,с,альбумин,биополимер,0
Полимер,с,миоглобин,биополимер,0
Полимер,c1,триптофан,биополимер,0
неизвестно,с,лизоцим,биополимеры,0
Полимер,c1,лактоглобулин,биополимеры,0
Полимер,c1,триптофан,биополимер,0
Полимер,с,альбумин,биополимер,0
неизвестно,с,мио,биополимеры,0
Полимер,с,мио,биополимеры,0
Мономер,C,Цирконийфосфат,Фосфаты,12.011
Полимер,c1,триптофан,биополимер,0
Полимер,с,альбумин,биополимер,0
Полимер,с,мио,биополимеры,0
Полимер,c1,лактоглобулин,биополимеры,0
Мономер,C12H8O2,Диоксин,Диоксины,184.194
Мономер,C12H8O2Cl,Хлордиоксин,Диоксины,219.644
Полимер,C11O3H8Cr1,Политрикарбонилхрома,Виниловые и родственные,240.17809999999997
Полимер,C8H8,Полистирол (синдиотактический),Виниловые и родственные,104.15199999999999
Полимер,C8H8,Изотактический полистирол,Виниловые и родственные,104.15199999999999
Полимер,C8H8,Полистирол (синдиотактический),Виниловые и родственные,104.15199999999999
Полимер,C8H8,Изотактический полистирол,Виниловые и родственные,104.15199999999999
Полимер,C8H8,Полистирол (синдиотактический),Виниловые и родственные,104.15199999999999
Полимер,C8H8,Полистирол,Виниловые и родственные,104.15199999999999
Полимер,C9H12O2,"Полибицикло[2,2,1]-гепт-2-ен-5-ацетат",Полинорборнены,152.19299999999998
Полимер,C1,метатезисный полинорборнен,Полинорборнены,12.011
Полимер,C2,fаддитивный полинорборнен,Полинорборнены,24.022
Полимер,C3,метатезисный полидициклопентадиен,Полинорборнены,36.033
Полимер,C4,аддитивный полинорборнен,Полинорборнены,48.044
Полимер,CH0.84Cl0.07O0.28,Альфа-карбин (Л-178),Карбиноидная структура,0
Полимер,C1H0.83Cl0.05O0.23,"Вета-карбин, Л-181",Карбиноидная структура,0
Полимер,C16H10Hg1,Дифенилацетилинид ртути,Координационные,402.848
Полимер,C8H5Cu,Фенилацетиленид меди,Координационные,164.674
Полимер,C4H3Cu,Винилацетиленид меди,Координационные,114.614
Полимер,C8H5Cu,Фенилацетиленид меди,Координационные,164.674
Полимер,C10H5Cu,Фенилэтинилацетиленид меди,Координационные,188.696
Полимер,C8H5Ag,Фенилацетиленид серебра,Координационные,208.9962
Полимер,C6H9CU,Бутилацетиленид меди,Координационные,331.17791
Мономер,C4N1,Триэтилимин,Х,62.050999999999995
Мономер,C1,Триэтилимин1,Х,12.011
Мономер,C4N1,Триэтилимин,Х,62.050999999999995
Мономер,C1,Триэтилимин1,Х,12.011
Полимер,C9H7Cu,бензилацетиленид меди,Координационные,178.701
Полимер,C10H5Cu,Фенилэтинилацетиленид меди,Координационные,188.696
Полимер,C8H5Ag,Фенилацетиленид серебра,Координационные,208.9962
Полимер,C9H8O1,Сополимер СО со стиролом,Сополимеры СО с алкенами,132.16199999999998
Полимер,C6H9CU,Бутилацетиленид меди,Координационные,331.17791
Полимер,C9H7Cu,бензилацетиленид меди,Координационные,178.701
Полимер,C10H5Cu,Фенилэтинилацетиленид меди,Координационные,188.696
Полимер,C8H5Cu,Фенилацетиленид меди,Координационные,164.674
Полимер,C6H9CU,Бутилацетиленид меди,Координационные,331.17791
Полимер,C8H5Ag,Фенилацетиленид серебра,Координационные,208.9962
Полимер,C8H5Au1,Фенилацетиленид золота,Координационные,298.09457
Полимер,C16H10Hg1,Дифенилацетилинид ртути,Координационные,402.848
Полимер,C4H3Cu,Винилацетиленид меди,Координационные,114.614
Полимер,C8H5Cu,Фенилацетиленид меди,Координационные,164.674
Полимер,C8H5Ag,Фенилацетиленид серебра,Координационные,208.9962
Полимер,C1H0.83Cl0.05O0.23,"Вета-карбин, Л-181",Карбиноидная структура,0
Полимер,C9H8O1,Сополимер СО со стиролом,Сополимеры СО с алкенами,132.16199999999998
Полимер,C1H0.83Cl0.05O0.23,"Вета-карбин, Л-181",Карбиноидная структура,0
Полимер,C6H11N1O2,PUR5,Полиуретан,129.159
Полимер,CH0.84Cl0.07O0.28,Альфа-карбин (Л-178),Карбиноидная структура,0
Полимер,C7H13N1O2,PUR6,Полиуретан,143.186
Полимер,CH0.84Cl0.07O0.28,Альфа-карбин (Л-178),Карбиноидная структура,0
Полимер,C1H0.83Cl0.05O0.23,"Вета-карбин, Л-181",Карбиноидная структура,0
Полимер,CH0.84Cl0.07O0.28,Альфа-карбин (Л-178),Карбиноидная структура,0
Полимер,C1H0.83Cl0.05O0.23,"Вета-карбин, Л-181",Карбиноидная структура,0
Полимер,C1,беташ-капбин,Карбиноидная структура,12.011
Полимер,C16H16O5Cr,сополимер метилметакрилата и стиролтрикарбонилхрома,сополимер,340.2951
Полимер,C16,G-2(Und-All),дендримеры,192.176
Полимер,с,миоглобин,биополимеры,0
Полимер,с,миоглобин,биополимер,0
Полимер,C16H16O5Cr,сополимер метилметакрилата и стиролтрикарбонилхрома,сополимер,340.2951
Полимер,C6H9CU,Бутилацетиленид меди,Координационные,331.17791
Полимер,C8H13Cu1,Гексилацетиленид меди,Координационные,172.738
Полимер,C4H3Cu,Винилацетиленид меди,Координационные,114.614
Полимер,C10H5Cu,Фенилэтинилацетиленид меди,Координационные,188.696
Полимер,C9H7Cu,бензилацетиленид меди,Координационные,178.701
Полимер,C8H5Cu,Фенилацетиленид меди,Координационные,164.674
Полимер,C8H5Ag,Фенилацетиленид серебра,Координационные,208.9962
Полимер,C8H5Au1,Фенилацетиленид золота,Координационные,298.09457
Мономер,C1,Триэтилимин1,Х,12.011
Мономер,C1,Стиролтрикарбонилхром,Стиролы,12.011
Полимер,C10H6O1F10,полифторнорборнен-2,Полинорборнены,332.14103163
Полимер,c9h6f8,полифторнорборнен-1,ОШИБКА,0
Полимер,C10H6O1F10,полифторнорборнен-2,Полинорборнены,332.14103163
Мономер,C11H8O3Cr,стиролхромтрикарбонил,Виниловые и родственные,240.17809999999997
Мономер,C12H10O3Cr,a-метилстиролтрикарбонилхром,Виниловые и родственные,254.20510000000002
Мономер,C11H8O3Cr,стиролхромтрикарбонил,Виниловые и родственные,240.17809999999997
Мономер,C12H10O3Cr,р-метилстиротрикарбонилхром,Виниловые и родственные,254.20510000000002
Полимер,C16,G-2(Und-All),дендримеры,192.176
Полимер,C10H6O1F10,полифторнорборнен-2,Полинорборнены,332.14103163
Полимер,C60H40,русановполимер,полиареновые,760.98
Мономер,C52H34O2,русанов (мономер),Циклоалкены,690.8420000000001
Мономер,C24H24Si4O8,Тетрол,Циклосилоксаны,552.788
Полимер,C16,G-2(Und-All),дендримеры,192.176
Полимер,C9H8O1,Сополимер СО со стиролом,Сополимеры СО с алкенами,132.16199999999998
Мономер,C48H44Si8O14,Димер тетрола,Циклосилоксаны,1069.546
Полимер,C9H8O1,Сополимер СО со стиролом,Сополимеры СО с алкенами,132.16199999999998
Полимер,C24H20Si4O6,Полифенилсилсесквиоксан,Полисилоксаны,516.758
Мономер,c1,G-5(All)128,дендримеры,0
Олигомер,C60,димер(Ляпин),фуллериты,720.66
Полимер,C2F4,Политетрафторэтилен,Виниловые и родственные,100.01561265199999
Полимер,C2F6,Mah2,Виниловые и родственные,138.012418978
Полимер,C60H40,русановполимер,полиареновые,760.98
Полимер,C60H40,русановполимер,полиареновые,760.98
Олигомер,C60,димер(Ляпин),фуллериты,720.66
Олигомер,C60,"С60(1.5 ГПа, 423 К)",фуллериты,720.66
Олигомер,C60,димер(Ляпин),фуллериты,720.66
Полимер,C228H394O63N12,СПУ,Сетки,4311.681
Мономер,Na1,NaHSiUO6*H2O,супер,22.98976928
Полимер,C16H12O2N4F4,Полимочевина,Полимочевина,368.291612652
Полимер,C60,RC60(Давыдов),Фуллериты,720.66
Мономер,C24H32O8,Дибензо-24-краун-8,Краунэфиры,448.512
Полимер,"C19,449H20,623O4,587N2,275F2,275",Полиротаксан (52% ПМ+48% КЭ),Полиротаксаны,0
Мономер,C24H32O8,Дибензо-24-краун-8,Краунэфиры,448.512
Мономер,Na5Zr1P3O12,Na5ZrP3O12,Фосфаты,491.08213239400004
Олигомер,C60,"С60 (1.3 ГПа, 560 К), орторомб",фуллериты,720.66
Мономер,Na5Zr1P3O12,Na5ZrP3O12,Фосфаты,491.08213239400004
Олигомер,C60,"С60 (1.3 ГПа, 560 К), орторомб",фуллериты,720.66
Мономер,Na5Zr1P3O12,Na5ZrP3O12,Фосфаты,491.08213239400004
Мономер,C24H32O8,Дибензо-24-краун-8,Краунэфиры,448.512
Полимер,C2F4,Политетрафторэтилен,Виниловые и родственные,100.01561265199999
Полимер,C2F6,Mah2,Виниловые и родственные,138.012418978
Мономер,C19H18O3N2,Спиропиран,спиросоед,322.364
Полимер,C4H4O2N1P1F6,Поли-[бис-(трифторэтокси)-фосфазен],Полифосфазены,243.04518097599998
Полимер,C3H6,стереоблочный полипропилен,Полиалкены,42.081
Полимер,C3H6,гемиизотактический полипропилен,Полиалкены,42.081
Полимер,C3H6,стереоблочный полипропилен,Полиалкены,42.081
Полимер,C3H6,гемиизотактический полипропилен,Полиалкены,42.081
Полимер,C3H6,стереоблочный полипропилен,Полиалкены,42.081
Полимер,C3H6,гемиизотактический полипропилен,Полиалкены,42.081
Полимер,C3H6,стереоблочный полипропилен,Полиалкены,42.081
Полимер,C3H6,гемиизотактический полипропилен,Полиалкены,42.081
Полимер,C3H6,стереоблочный полипропилен,Полиалкены,42.081
Полимер,C3H6,гемиизотактический полипропилен,Полиалкены,42.081
Полимер,C3H6,стереоблочный полипропилен,Полиалкены,42.081
Мономер,C6H8O5Co,Моногидрат акрилата собальта,Акрилаты,219.05819400000001
Полимер,C3H6,стереоблочный полипропилен,Полиалкены,42.081
Мономер,C6H8O5Co,Моногидрат акрилата собальта,Акрилаты,219.05819400000001
Полимер,C3H6,стереоблочный полипропилен,Полиалкены,42.081
Мономер,C6H8O5Co,Моногидрат акрилата собальта,Акрилаты,219.05819400000001
Полимер,C3H6,гемиизотактический полипропилен,Полиалкены,42.081
Полимер,C6H8O5Co,Монокристаллогидрат полиакрилата кобальта,Полиакрилаты,219.05819400000001
Полимер,C5.784497H9.568994O2,Сополимер 80%ММА + 20%ОМА,Виниловые и родственные,0
Полимер,C5.919758H9.655286O2.010235N0.02047,80% ММА+20% ОМА + 3% СПП,Виниловые и родственные,0
Полимер,C6.224825H9.849908O2.033319N0.066638,Сополимер 80% ММА + 20% ОМА + 10% СПП,Виниловые и родственные,0
Полимер,C1.236,Соп. 80%ММА и 20 %ОМА,Виниловые и родственные,0
Полимер,C125.2,ФПК-1 (3%СПП),Виниловые и родственные,0
Полимер,C1.265,ФПК-2 (10%СПП),Виниловые и родственные,0
Полимер,C12N54K12,G-5(BU),дендримеры,1369.6896000000002
Полимер,C12H25N63,Bodr1,Огнестойкие,1051.7730000000001
Мономер,C7H8,Норборнадиен,Циклодиены,92.14099999999999
Полимер,C1,Карбин,Карбиноидная структура,12.011
Полимер,C123.2H53.256N56.21O2.054,Витур,Сетки,0
Полимер,C10.25H56.35N1.258O56.3,ДЦЭБА-ВИТУР (50:50),Сетки,0
Полимер,C25H56.9O2.176N0.36,ДЦЭБА:ВИТУР(25 : 75),Сетки,0
Полимер,"C235H23N2,3O1,2",ДЦБЭА:Витур(75:25),Сетки,0
Полимер,C25H56.9O2.176N0.36,ДЦБЭА:ВИТУР(25 : 75),Сетки,0
Полимер,C1,"10УВ+20УГС+70ПТФЭ(№1, посл)",политетрафторэтилен+наполнители,12.011
Полимер,C14H26O4N2,"1,6 гександиол 1,6 ГМДУ",Полиуретан,286.372
Олигомер,C60,"С60(1.5 ГПа, 423 К)",фуллериты,720.66
Полимер,C60,Орторомбический фуллерит,Фуллериты,720.66
Олигомер,C60,димер(Ляпин),фуллериты,720.66
Полимер,C60,Орторомбический фуллерит,Фуллериты,720.66
Полимер,C14H26O4N2,"1,6гександиол1,6гмди",Полиуретан,286.372
Полимер,C14H26O4N2,"1,6 гександиол 1,6 ГМДУ",Полиуретан,286.372
Полимер,C14H26O4N2,"1,6гександиол1,6гмди(сr and am)",Полиуретан,286.372
Полимер,C14H26O4N2,"1,6гександиол)",Полиуретан,286.372
Полимер,C14H26O4N2,"1,6гександиол",Полиуретан,286.372
Полимер,C14H26O4N2,"1,6гександиол1,6гмди(сr and am)",Полиуретан,286.372
Полимер,C1,PMMA-C60,Фуллериты,12.011
Мономер,C6H8N2O2,"1,4-диизоцианатобутан",Диизоцианат,140.142
Мономер,C4H10O2,"1,4-бутандиол",Диолы,90.122
Мономер,C6H8N2O2,"1,4-диизоцианатобутан",Диизоцианат,140.142
Полимер,C34,Гель1,Гели,408.37399999999997
Полимер,C1,PMMA,фуллериты,12.011
Полимер,C1,ПММА-С70,Фуллериты,12.011
Полимер,C12H22N2O4,"бутандиолгексаметиленПУ-4,6",Полиуретан,258.318
Полимер,C14H26O4N2,"1,6гександиол1,6гмди(сr and am)",Полиуретан,286.372
Полимер,C12H22N2O4,"бутандиолгексаметиленПУ-4,6",Полиуретан,258.318
Полимер,C1,ПММА+20ПФГ,Полиакрилаты,12.011
Полимер,C1,ПММА+20 ПФГ (new),Полиакрилаты,12.011
Полимер,C1,ПММА-С70,Фуллериты,12.011
Полимер,C13H12O5N2P1Na1,ПАК-ПФ-ДП,Интерполимерные комплексы,330.211531278
Полимер,"C17,2H17,6O11,1N2P2,1Na2,1",ИПКП-2 (без воды),Интерполимерные комплексы,0
Мономер,C32H28Sb1O1N1,Ph4SbONCPhCH3,сурьма,564.342
Мономер,C37H30Sb1O1N1,Ph4SbONCPh2,сурьма,626.413
Мономер,C32H28Sb1O1N1,Ph4SbONCPhCH3,сурьма,564.342
Мономер,C32H28Sb1O1N1,Ph4SbONCPh2,сурьма,564.342
Мономер,"Li12C65,5H11,2O1,4",Li12C60(THF)1.4,Фулерены,0
Мономер,Al2O3,корунд,оксиды,101.9600768
Мономер,Rb1Nb1W1O6,RbNbWO6,вольфраматы,458.20817
Мономер,Al2O3,корунд,Оксиды,101.9600768
Мономер,Rb1Nb1W1O6,RbNbWO6,вольфраматы,458.20817
Мономер,Li1V1W1O6,LiVWO6,вольфраматы,337.7155
Мономер,"Mg0,5Zr2P3O12","Mg0,5Zr2(PO4)3",Фосфаты,0
Мономер,C32H28Sb1O1N1,Ph4SbONCPhCH3-2,сурьма,564.342
Мономер,C32H28Sb1O1N1,Ph4SbONCPhMe,сурьма,564.342
Мономер,C32H28Sb1O1N1,Ph4SbONCPh2,сурьма,564.342
Мономер,C30H25Sb1,Ph5Sb,сурьма,507.28999999999996
Мономер,C32H28Sb1O1N1,Ph4SbONCPhMe,сурьма,564.342
Мономер,Li1V1W1O6,LiVWO6,вольфраматы,337.7155
Мономер,C32H28Sb1O1N1,Ph4SbONCPhMe,сурьма,564.342
Мономер,C32H28Sb1O1N1,Ph4SbONCPh2,сурьма,564.342
Мономер,C37H30Sb1O1N1,Ph4SbONCPh2,сурьма,626.413
Мономер,Na1V1W1O6,NaVWO6,вольфраматы,353.76526928
Мономер,C34H31Sb1O2N2,Ph3Sb(ONCPhMe)2,сурьма,621.394
Мономер,Cs1Ta1W1O6,CsTaWO6,вольфраматы,593.68733196
Мономер,"Ba0,5Zr2P3O12","Ba0,5Zr2(PO4)3",Фосфаты,0
Мономер,Cs1Ta1W1O6,CsTaWO6-1,вольфраматы,593.68733196
Мономер,Rb1Nb1W1O6,RbNbWO6-1,вольфраматы,458.20817
Мономер,Cs1Ta1W1O6,CsTaWO6-1,вольфраматы,593.68733196
Мономер,Rb1Nb1W1O6,RbNbWO6-1,вольфраматы,458.20817
Мономер,Rb1Nb1W1O6,RbNbWO6,вольфраматы,458.20817
Мономер,"Ba0,5Zr2P3O12","Ba0,5Zr2(PO4)3",Фосфаты,0
Мономер,Rb1Nb1W1O6,RbNbWO6-1,вольфраматы,458.20817
Мономер,C34H31Sb1O2N2,Ph3Sb(ONCPhMe)2-2,сурьма,621.394
Мономер,C34H31Sb1O2N2,Ph3Sb(ONCPhMe)2,сурьма,621.394
Мономер,C11H20O2,2-этил-гексил-акрилат,акрилаты,184.27899999999997
Полимер,[-C6H12-],Полигексен-1,Полиалкены,0
Полимер,C11H20O2,поли-2-этил-гексил-акрилат,Акрилаты,184.27899999999997
Мономер,C11H20O2,2-этил-гексил-акрилат,акрилаты,184.27899999999997
Полимер,C11H20O2,поли-2-этил-гексил-акрилат,Акрилаты,184.27899999999997
Мономер,C11H20O2,2-этил-гексил-акрилат,акрилаты,184.27899999999997
Мономер,Na1Zr2As3O12,NaZr2(AsO4)3,Арсенаты,622.19055428
Мономер,Mo1C76H20,гапта6метаксилол2МоС60,Фуллерен,1028.946
Мономер,C34H31Sb1O2N2,Ph3Sb(ONCPhMe)2,сурьма,621.394
Мономер,Sb1O4C26H25,Ph3Sb(O2CC(CH3)CH2)2,сурьма,523.2420000000001
Мономер,C34H31Sb1O2N2,Ph3Sb(ONCPhMe)2,сурьма,621.394
Мономер,C34H31Sb1O2N2,Ph3Sb(ONCPhMe)2-2,сурьма,621.394
Полимер,C1,(со)ПФГ1,ПФГ,12.011
Мономер,Sb1O4C26H25,Ph3Sb(O2CC(CH3)CH2)2,сурьма,523.2420000000001
Мономер,C11H16,C6H5-C5H11,Пимерзин,148.24899999999997
Мономер,K2Fe2Ti6O16,K2Fe2Ti6O16,Князев,733.0726
Мономер,K2Fe2Ti6O16,K2Fe2Ti6O16-2,Князев,733.0726
Мономер,K2Fe2Ti6O16,F2Fe2Ti6O16,Князев,733.0726
Мономер,C24H21O4Sb1,Ph3Sb(O2CCH=CH2)2,сурьма,495.188
Мономер,Sb1O4C26H25,Ph3Sb(O2CC(CH3)CH2)2,сурьма,523.2420000000001
Олигомер,C21H29N3O5S,fMLF-OMe,Пептиды,435.539
Мономер,C1H1O14,диметакрилат сурьмы,сурьма,237.00500000000002
Мономер,C1,ампула,ампула,12.011
Мономер,Sb1O4C26H25,Ph3Sb(O2CC(CH3)CH2)2,сурьма,523.2420000000001
Мономер,C26H25O4Bi1,Ph3Bi(O2CCMe=CH2)2,сурьма,610.4624
Мономер,C32H28Sb1O1N1,Ph4SbONCPhMe,сурьма,564.342
Мономер,C40H45O4Sb1,Ph3Sb(AKK)2,сурьма,711.5559999999999
Мономер,C40H45O4Sb1,Ph3Sb(AKK)2-2,сурьма,711.5559999999999
Мономер,C40H45O4Sb1,Ph3Sb(AKK)2,сурьма,711.5559999999999
Мономер,Li4Ti5O12,Li4Ti5O12,Князев,459.08299999999997
Мономер,Li4Ti5O12,Li4/3Ti5/3O4,Князев,459.08299999999997
Мономер,C1,"G3(SiOSi, 3EtOx)",дендримеры Музафарова,12.011
Мономер,C1,[(n6-(EtOBz))2Cr]*+[C60]*-,фуллерид,12.011
Мономер,C1,[(n6-(EtOBz))2Cr]*+[C60]*-   2,фуллерид,12.011
Мономер,C1,"G6(SiOSi,3EtOx)",дендримеры Музафарова,12.011
Мономер,C1,"G6(SiOSi, EtOx)",дендримеры Музафарова,12.011
Мономер,C40H45O4Sb1,Ph3Sb(AKK)2-2,сурьма,711.5559999999999
Мономер,Co7Sb2O12,Co7/3Sb2/3O4,Князев,848.040358
Мономер,C80H100Yb2N4O4Cl2C6H6C6H6,1A,Федюшкин,1754.922
Мономер,Cs1Co1P1O4,CsCoPo4,Фосфаты,286.808407958
Мономер,Cs1Co1P1O4,CsCoPO4,фосфат,286.808407958
Мономер,C30H25Sb1,Ph5Sb,+++,507.28999999999996
Олигомер,C1,Д2-С12Н25,Дендроны,12.011
Полимер,Si3C14H34O3,"G3(SiOSi,Eox)",дендримеры,334.678
неизвестно,Na3Pb2S3O12Cl,Na3Pb2(SO4)3Cl,Неорганические соединения,806.9873078400001
Мономер,C10H18O1,Терпен1,Терпены,154.253
Мономер,NaGdTiO4,Вещество Ани (Санкт-Петербург),Gd,292.10276927999996
Мономер,NaGdTiO4,NaGdTiO4,Соединения гадолиния Gd (Санкт-Пете),292.10276927999996
Мономер,NaGdTiO4,Вещество Ани (Санкт-Петербург),Gd,292.10276927999996
Мономер,Na2Gd2Ti3O10,Na2Gd2Ti3O10,Gd,664.0705385599999
Полимер,C1,Жидкокристаллический карбосилановый дендример первой генерации с концевыми метоксифенилбензоатными группами,дендримеры,12.011
Мономер,Na2GdTiO4,Na2GdTiO4,Соединения Gd,315.09253856
Мономер,NaGdTiO4,Вещество Ани (Санкт-Петербург),Gd,292.10276927999996
Мономер,Na2GdTiO4,Na2GdTiO4,Соединения Gd,315.09253856
Полимер,C272 H428 Si21O48,Жидкокристаллический карбросилановый дендример первой генерации с концевыми метоксифенлбензоатными группами,дендримеры,5056.153
Полимер,C1,G-4(Und-MPhB),дендримеры,12.011
Мономер,C60O22H22,Фуллеренол,Фулерены,1094.8139999999999
Олигомер,C139H156N6O2,Д2-С2Н5 (1),Дендроны,1942.817
Мономер,C8H6F8O2,Октафторметилакрилат,Акрилаты,286.121225304
Мономер,C8H6F8O2,Октафторпентилакрилат,Акрилаты,286.121225304
Мономер,C91H60N6O2,D3-PhPy,дендроны,1269.521
Мономер,C203H132N14O2,D3-PhPy,дендроны,2799.3849999999998
Мономер,C8H6F8O2,Октафторпентилакрилат,Акрилаты,286.121225304
Мономер,C1,"[(n6-Ph2)2Cr]""+[C70]""",фуллерид,12.011
Полимер,C40H25O2N4,Полифенилхиноксалин + нанокристаллический Fe3O4,Композит с Fe3O4,593.6659999999999
Мономер,S,S32,Изотопы Серы,32.06
Мономер,S,S34,Изотопы Серы,32.06
Мономер,S,S32-S34,Изотопы Серы,32.06
Олигомер,C46H138O21Si22,Силоксановый дендример второй генерации с концевыми триметилсесквиоксановыми группами,lдендримеры,1645.4589999999998
Олигомер,C94H282O45Si46,Силаксаноый дендример третьей генирации с концевыми триметилсесквиоксановыми группами,дендример,3425.1549999999997
Полимер,C40H25O2N4,Композит на основе полифенилхиноксалина и наночастиц оксида железа,Композит с Fe3O4,593.6659999999999
Полимер,C1,Полиэтиленоксим,Полиоксимы,12.011
Полимер,C1,Композит на основе полифенилхиноксалина и наночастиц оксида цинка,Композит с ZnO,12.011
Полимер,C1,Полиоксим со стиролом,Полиоксимы,12.011
Мономер,"Zn0,5Ti2P3O12",Zn05Ti2(PO4)3,Фосфаты,0
Мономер,Co1,Бубнов,+++,58.933194
Полимер,C1,Полиэтиленоксим,Полиоксимы,12.011
Полимер,C1,Полиоксим с этиленом  05.11.2019,Полиоксимы,12.011
Полимер,C1,G4-TMS,dendrimr,12.011
Мономер,C60O22H22,Фуллеренол C60(OH)22,Фуллеренол,1094.8139999999999
Мономер,C60(OH)24,C60(OH)24,Фуллеренол,1128.828
Мономер,1145,C60(OH)40 (лит.данные),Фуллеренол,0
Полимер,C3.7,терполимерСОЭБ35,наташа,444.407
Полимер,c60,G4J,dendrimr,0
неизвестно,RbMoO6,певое,сулейманов,277.41179999999997
Полимер,C1H1,шефрина1,дендримеры,13.018999999999998
Полимер,C1O1N1H1,ПЭПО,полиоксимы,43.025
Олигомер,C12,глицин-вода,князев,144.132
Полимер,C12,первый_смеш,dendrimr,144.132
Мономер,K1Ti1,Титан,Петьков,86.9653
Мономер,C5H4N4,Gehby,Князев,120.11499999999998
Полимер,C2,G1,dendrimr,24.022
Полимер,C1,ПЭБО,наташа,12.011
Полимер,C72H172Si13,G1(Cm),dendrimr,1403.273
Полимер,C1,ПЭПО,наташа,12.011
Полимер,C1772,G6,dendrimr,21283.492
неизвестно,Rb1Ni1,Ниобий,Слейманов,144.1612
неизвестно,Rb1Te1,RbTe,сулейманов,213.06779999999998
Полимер,C234,композиция,dendrimr,2810.5739999999996
Полимер,C231,комплекс2,dendrimr,2774.5409999999997
Полимер,C308H444N24Si24,St156,dendrimr,5157.147999999999
Полимер,C308H444,TS156,dendrimr,4146.94
Полимер,C305H444N24Si24,Л156,dendrimr,5121.114999999999
Полимер,C608H604Si29,С608H604Si29,dendrimr,8725.984999999999
Мономер,C1H5N2Pb1I3,Италия1,италия,632.9784099999999
Мономер,C1I3,2,Италия,392.72441000000003
Полимер,C305H444N24Si24,Л156,dendrimr,5121.114999999999
Полимер,C1,Полиоксим со стиролом,Полиоксимы,12.011
Полимер,C1,ПЭПО,наташа,12.011
Полимер,C,"ПЭПК23,4%",наташа,12.011
Полимер,"C23,4","ПЭПК23,4%",наташа,0
Полимер,"C23,4","ПЭПК23,4%",наташа,0
Полимер,"C14,6",ПЭБК,наташа,0
Полимер,C3,ПЭК,наташа,36.033
Полимер,C308H444,TS156,dendrimr,4146.94
Полимер,C305H444N24Si24,Л156,dendrimr,5121.114999999999
Полимер,C385H604N24Si24,Л156,dendrimr,6243.275
Полимер,C385,83,dendrimr,4624.235
Мономер,C12,CAS,успенская,144.132
Мономер,C12,C12F7(Ti5),успенская,144.132
Мономер,C12,C12A7,успенская,144.132
Мономер,C7H8N4O2,теотропин,Князев,180.16699999999997
Полимер,C234,композиция,dendrimr,2810.5739999999996
Полимер,XC,композ1,dendrimr,0
Полимер,C12,композ2,dendrimr,144.132
Полимер,C234,композиция,dendrimr,2810.5739999999996
Полимер,C12,ПЭПО13,Полиоксимы,144.132
Олигомер,C1,Изомер1,федюшкин,12.011
Олигомер,C2,изомер2,федюшкин,24.022
Олигомер,C1,Изомер1,федюшкин,12.011
Олигомер,C2,изомер2,федюшкин,24.022
Мономер,C56,gkjhkjh,+++,672.616
Мономер,K5,KMgZr(PO4)3,Петьков,195.4915
Олигомер,c1,Князев22С,Князев,0
Мономер,C16H20S6O6,Белый порошок23,италия,500.69000000000005
Полимер,C385,83,dendrimr,4624.235
Мономер,H2Nd2TI3O10,зверева2,зверева,0
Мономер,H12C4Nd2Ti3O1,зверева3,зверева,508.224
Мономер,H12C4Nd2Ti3O11,зверева3,зверева,668.2139999999999
Мономер,C1,Гидро,Гармоны,12.011
Мономер,C4,Бубнов23,Гармоны,48.044
Мономер,c11,бубнов,+++,0
Олигомер,c12,петьков23,петьков,0
Мономер,C16H20S6O6,Белый порошок23,италия,500.69000000000005
неизвестно,C16H26,полиморф,Бубнов,218.384
неизвестно,Cs1,Ретьков Цезый,Петьков,132.90545196
