Id,Тип,Формула,Название,Класс
1,Мономер,C6H12,4-Метилпентен-1,Алкены
2,Мономер,C7H10,Норборнен,Бициклоалкены
3,Мономер,C3H6O,Пропаналь,Альдегиды
4,Мономер,C4H8O,Бутаналь,Альдегиды
5,Мономер,C5H10O,Пентаналь,Альдегиды
6,Мономер,C6H12O,Гексаналь,Альдегиды
7,Мономер,C7H14O,Гептаналь,Альдегиды
8,Мономер,C2HCl3O,Трихлорэтаналь,Альдегиды
9,Мономер,C4H4O4,Этиленоксалат,Циклические эфиры
10,Мономер,C4H4O4,Гликолид,Циклические эфиры
11,Мономер,C17H14O2N2,2.2-бис-(4-цианатофенил)-пропан,Цианаты
12,Мономер,C5H10,транс-Пентен-2,Алкены
13,Мономер,C14H34Cl2N2Si2Zn,Мономерный комплекс n-(β-триметилсилилэтил)-этиленимина с хлористым цинком,Комплексы иминов (с хлористым цинком)
14,Мономер,C16H38Cl2N2Si2Zn,Мономерный комплекс n-(β-триметилсилилэтил)-триметиленимина с хлористым цинком,Комплексы иминов (с хлористым цинком)
15,Мономер,C15H10O2N2,4.4-Дифенилметандиизоцианат,Изоцианаты
16,Мономер,C4H6N2O2,2.5-Дикетопиперазин,Циклические амиды
17,Мономер,C5H10,Циклопентан,Циклоалканы
18,Мономер,C4H2O,Этаналь,Альдегиды
19,Мономер,C6H12,Циклогексан,Циклоалканы
20,Мономер,C7H14,Циклогептан,Циклоалканы
21,Мономер,C8H16,Циклооктан,Циклоалканы
22,Мономер,C6H8O4,dl-Лактид,Циклические эфиры
23,Мономер,CH2O,Метаналь,Альдегиды
24,Мономер,C4H6O2,γ-Бутиролактон,Лактоны
25,Мономер,C3H4O2,β-Пропиолактон,Лактоны
26,Мономер,C6H10O2,е-Капролактон,Лактоны
27,Мономер,C5H8O2,б-Валеролактон,Лактоны
28,Мономер,C11H20O2,Ундеканолактон,Лактоны
29,Мономер,C13H24O2,Тридеканолактон,Лактоны
30,Мономер,C15H28O2,Пентадеканолактон,Лактоны
31,Мономер,C6H10,Циклогексен,Циклоалкены
32,Мономер,C7H12,цис-Циклогептен,Циклоалкены
33,Мономер,C7H12,4-Метилциклогексен,Циклоалкены
34,Мономер,C8H14,2.4-Диметилциклогексен-1,Циклоалкены
35,Мономер,C5H8,Циклопентен,Циклоалкены
36,Мономер,C6H7O2N,Этил-α-цианакрилат,Цианакрилаты
37,Мономер,C7H7O2N,Аллил-α-цианакрилат,Цианакрилаты
38,Мономер,C9H11O3N,Аллилоксиэтил-α-цианакрилат,Цианакрилаты
39,Мономер,C14H23O2N,н-Децил-α-цианакрилат,Цианакрилаты
40,Мономер,C5H12Si,Винилтриметилсилан,Винилорганосиланы
41,Мономер,C10H14Si,Винилдиметилфенилсилан,Винилорганосиланы
42,Мономер,C11H16Si,Винилбензилдиметилсилан,Винилорганосиланы
43,Мономер,C4H6,Бутадиен-1.3,Алкадиены
44,Мономер,C8H12,Циклооктадиен-1.5,Циклодиены
45,Мономер,C4H8O,Тетрагидрофуран,Циклические эфиры
46,Мономер,C6H12,цис-4-Метилпентен-2,Алкены
47,Мономер,C2HBrCl2O,Бромдихлорэтаналь,Альдегиды
48,Мономер,C2HBrF2O,Бромдифторэтаналь,Альдегиды
49,Мономер,C2HBr2ClO,Дибромхлорэтаналь,Альдегиды
50,Мономер,C2HBr2FO,Дибромфторэтаналь,Альдегиды
51,Мономер,C2HBr3O,Трибромэтаналь,Альдегиды
52,Мономер,C2HClF2O,Дифторхлорэтаналь,Альдегиды
53,Мономер,C2HCl2FO,Фтордихлорэтаналь,Альдегиды
54,Мономер,C2HF3O,Трифторэтаналь,Альдегиды
55,Мономер,C3H4Cl2O,2.2-Дихлорпропаналь,Альдегиды
56,Мономер,C4H7ClO,"2-Метил,2-хлорпропаналь",Альдегиды
57,Мономер,C4H8O,2-Метилпропаналь,Альдегиды
58,Мономер,C4H8O2,3-Метилоксипропаналь,Альдегиды
59,Мономер,C16H12Si,Дифенилдиэтинилсилан,Органосиланы
60,Мономер,C8D14O2,н-Дейтеробутилметакрилат,Акрилаты
61,Мономер,C6H12,Гексен-1,Алкены
62,Мономер,C4H6O3,пара-Диоксанон,Оксолактоны
63,Полимер,[-C8H8O-],"Поли-(2,6-диметил-n-фенилен)-оксид",Полиэфиры
64,Полимер,[-C3H6O-],Полипропаналь,Полиальдегиды
65,Полимер,[-C4H8O-],Полибутаналь,Полиальдегиды
66,Полимер,[-C6H12-],Поли-4-метилпентен-1,Полиалкены
67,Полимер,[-C5H10O-],Полипентаналь,Полиальдегиды
68,Полимер,[-C6H12O-],Полигексаналь,Полиальдегиды
69,Полимер,[-C7H14O-],Полигептаналь,Полиальдегиды
70,Полимер,[-C2HCl3O-],Политрихлорэтаналь,Полиальдегиды
71,Полимер,[-O-CH2-CH2-O-CO-CO-],Полиэтиленоксалат,Полиэфиры
72,Полимер,[-O-CH2-CO-O-CH2-CO-],Полигликолид,Полиэфиры
73,Полимер,[-C14H34Cl2N2Si2Zn-],Полимерный комплекс n-(β-триметилсилилэтил)-этиленимина с хлористым цинком,Комплексы полииминов (с хлористым цинком)
74,Полимер,[-C16H38Cl2N2Si2Zn-],Полимерный комплекс n-(β-триметилсилилэтил)-триметиленимина с хлористым цинком,Комплексы полииминов (с хлористым цинком)
75,Полимер,[-C45H30O6N6-],Полиизоцианурат на основе 4.4-дифенилметандиизоцианата,Полиизоцианураты
76,Полимер,[-C24H12N6-],Поли-2.4.6-фенилен-симм-триазин,Политриазины
77,Полимер,[-C51H42O6N6-],Полицианурат,Полицианураты
78,Полимер,[-C7H14-],Полигептен-1,Полиалкены
79,Полимер,[-C5H8O2-],Поли-б-валеролактон,Полилактоны
80,Полимер,[-C8H16-],Полиоктен-1,Полиалкены
81,Полимер,[-C6H8O4-],Полилактид,Полиэфиры
82,Полимер,[-C2H4O-],Полиэтаналь(изотактический),Полиальдегиды
83,Полимер,[-C6H10O2-],Поли-е-капролактон,Полилактоны
84,Полимер,[-C4H6O2-],Поли-γ-бутиролактон,Полилактоны
85,Полимер,[-CH2O-],Полиметаналь,Полиальдегиды
86,Полимер,[-C11H20O2-],Полиундеканолактон,Полилактоны
87,Полимер,[-C13H24O2-],Политридеканолактон,Полилактоны
88,Полимер,[-C15H28O2-],Полипентадеканолактон,Полилактоны
89,Полимер,[-C4H6-],транс-1.4-Полибутадиен,Полиалкеномеры
90,Полимер,[-C7H12-],Полигептеномер,Полиалкеномеры
91,Полимер,[-C7H12-],Поли-4-метилгексеномер,Полиалкеномеры
92,Полимер,[-C8H14-],транс-Изопренпропиленовый сополимер,Полиалкены сополимер
93,Полимер,[-C8H14-],цис-Изопренпропиленовый сополимер,Полиалкены сополимер
94,Полимер,[-C5H8-],транс-Полипентеномер,Полиалкеномеры
95,Полимер,[-C6H7O2N-],Полиэтил-α-цианакрилат,Полицианакрилаты
96,Полимер,[-C7H7O2N-],Полиаллил-α-цианакрилат,Полицианакрилаты
97,Полимер,[-C9H11O3N-],Полиаллилоксиэтил-α-цианакрилат,Полицианакрилаты
98,Полимер,[-C14H23O2N-],Поли-н-децил-α-цианакрилат,Полицианакрилаты
99,Полимер,[-C5H12Si-],Поливинилтриметилсилан,Поливинилорганосиланы
100,Полимер,[-C10H14Si-],Поливинилдиметилфенилсилан,Поливинилорганосиланы
101,Полимер,[-C4H8O-],Политетрагидрофуран,Полиэфиры
102,Полимер,[-C2HBrCl2O-],Полибромдихлорэтаналь,Полиальдегиды
103,Полимер,[-C2HBrF2O-],Полибромдифторэтаналь,Полиальдегиды
104,Полимер,[-C2HBr2ClO-],Полидибромхлорэтаналь,Полиальдегиды
105,Полимер,[-C2HBr2FO-],Полидибромфторэтаналь,Полиальдегиды
106,Полимер,[-C2HBr3O-],Политрибромэтаналь,Полиальдегиды
107,Полимер,[-C2HClF2O-],Полидифторхлорэтаналь,Полиальдегиды
108,Полимер,[-C2HCl2FO-],Полифтордихлорэтаналь,Полиальдегиды
109,Полимер,[-C2HF3O-],Политрифторэтаналь,Полиальдегиды
110,Полимер,[-C3H4Cl2O-],Полидихлорпропаналь,Полиальдегиды
111,Полимер,[-C4H7ClO-],Полиметилхлорпропаналь,Полиальдегиды
112,Полимер,[-C4H8O-],Полиметилпропаналь,Полиальдегиды
113,Полимер,[-C4H8O2-],Полиметилоксипропаналь,Полиальдегиды
114,Полимер,[-C16H10Si-],Полидифенилдиэтинилсилан,Полиорганосиланы
115,Полимер,[-C8H14O2-],Поли-н-бутилметакрилат,Полиакрилаты
116,Полимер,[-C8D14O2-],Поли-н-дейтеробутилметакрилат,Полиакрилаты
117,Полимер,[-C4H6O3-],Поли-пара-диоксанон,Полиэфиры
118,Полимер,[-C6H12-],Полигексен-1,Полиалкены
119,Полимер,[-C28H24 Ge2-],Поливинилендифенилгерман,Полиорганогерманы
120,Полимер,C28H24GeSi,Поливинилендифенилсилангерман,Полиорганосилангерманы
121,Мономер,C2H3Cl1,Винилхлорид,Виниловые и родственные
122,Полимер,C2H3Cl1,Поливинилхлорид,Виниловые и родственные
123,Полимер,C3H4O2,Поли-β-пропиолактон,Полилактоны
124,Полимер,C4H6N2O2,Полиглицин,Полиамиды
125,Полимер,C11H16Si1,Поливинилбензилдиметилсилан,Поливинилорганосиланы
126,Полимер,C24H36O6N6,Поли-2.4.6-(гексаметилен)изоцианурат,Полиизоцианаты
127,Полимер,C6H19Si1N1,Поли-n-(β-триметилсилилэтил)-триметиленимин,Полиимины
128,Полимер,C7H17Si1N1,Поли-n-(β-триметилсилилэтил)-этиленимин,Полиимины
129,Полимер,C2H5N1,Полиэтиленимин,Полиимины
130,Мономер,C7H5O1N1,Фенилцианат,Цианаты
131,Полимер,C21H15O3N3,Трифенилцианурат,Цианураты
132,Полимер,C21H15N3,1.3.5-Трифенил-симм-триазин,Циклотримеры
133,Мономер,C7H5N1,Бензонитрил,Нитрилы
134,Мономер,C7H5NO,Фенилизоцианат,Изоцианаты
135,Мономер,C13H10N2,Дифенилкарбодиимид,Карбодиимиды
136,Мономер,C8H6,Фенилацетилен,Ацетилены
137,Полимер,C23H17N1,2.4.6-Трифенилпиридин,Пиридины
138,Полимер,C39H30N6,Гексафенилмеламин,Меламины
139,Мономер,C16H12Ge1,Дифенилдиэтинилгерман,Органогерманы
140,Полимер,C16H10Ge1,Полидифенилдиэтинилгерман,Полиорганогерманы
141,Мономер,C32H22Ge1,2.3.4.5-Тетрафенил-1.1-диэтинил-1-гермациклопентадиен,Гермаацетилены
142,Полимер,C32H20Ge1,Поли-2.3.4.5-тетрафенил-1.1-диэтинил-1-гермациклопентадиен,Полигермаацетилены
143,Мономер,C18H16O2Si1,Дианизилдиэтинилсилан,Органосиланы
144,Полимер,C18H14O2Si1,Полидианизилдиэтинилсилан,Полиорганосиланы
145,Полимер,C4H8,Полибутен-1 (изотактический),Полиалкены
146,Мономер,C4H8,цис-Бутен-2,Алкены
147,Полимер,C3H6,Полипропилен,Полиалкены
148,Мономер,C5H10,Пентен-1,Алкены
149,Полимер,C5H10,Полипентен-1,Полиалкены
150,Мономер,C5H10,цис-Пентен-2,Алкены
151,Мономер,C4H8,транс-Бутен-2,Алкены
152,Мономер,C6H12,транс-4-Метилпентен-2,Алкены
153,Мономер,C4H8,Бутен-1,Алкены
154,Мономер,C7H14,Гептен-1,Алкены
155,Мономер,C8H16,Октен-1,Алкены
156,Мономер,C6H18Si3O3,1.1.3.3.5.5-Гексаметилциклотрисилоксан,Циклосилоксаны
157,Полимер,C2H6SiO,Полидиметилсилоксан,Полисилоксаны
158,Мономер,C8H24Si4O4,1.1.3.3.5.5.7.7-Октаметилциклотетрасилоксан,Циклосилоксаны
159,Мономер,C12H30Si3O3,1.1.3.3.5.5-Гексаэтилциклотрисилоксан,Циклосилоксаны
160,Полимер,C4H10Si1O1,Полидиэтилсилоксан,Полисилоксаны
161,Олигомер,C24H18,1.3.5-Трифенилбензол,Бензолы
162,Олигомер,C21H15N3O3,Трифенилизоцианурат,Изоцианураты
163,Олигомер,C39H30N6,Гексафенилизомеламин,Изомеламины
164,Мономер,C2F4,Тетрафторэтилен,Виниловые и родственные
165,Полимер,C2F4,Политетрафторэтилен,Виниловые и родственные
166,Мономер,C3H6,Пропилен,Алкены
167,Мономер,C22H34O4N2,1.4-бис-(2.2.6.6-тетраметил-4-окси-1-оксилпипередил)бутадиин,Диацетилены
168,Полимер,C22H34O4N2,Поли-1.4-бис-(2.2.4.4-тетраметил-4-окси-1-оксилпиперидил)бутатриен,Полиены
169,Мономер,C2H2Cl2,Винилиденхлорид,Виниловые и родственные
170,Полимер,C2H2Cl2,Поливинилиденхлорид,Виниловые и родственные
171,Мономер,C8H14,Винилциклогексан,Виниловые и родственные
172,Мономер,C8H8,Циклооктатетраен,Циклотетраены
173,Мономер,C70,Фуллерен С70,Фуллерен
174,Полимер,C2H2,цис-Полиацетилен,Полиены
175,Полимер,C2H2,транс-Полиацетилен,Полиены
176,Полимер,C9H12O2,"Полибицикло[2,2,1]-гепт-2-ен-5-ацетат",Полинорборнены
177,Мономер,C60,Фуллерен С60,Фуллерен
178,Мономер,C9H12O2,Бицикло[2.2.1]гептен-2,Циклоалкены
179,Полимер,C12H10Si1O1,Полидифенилсилоксан,Полисилоксаны
180,Полимер,C16D8H8,Сополимер стирола с дейтеростиролом (1:1),Виниловые и родственные
181,Полимер,C2H4O1,Полиэтаналь(атактический),Полиальдегиды
182,Полимер,C8D3H5,Полидейтеростирол (дейтерированный в цепочке),Виниловые и родственные
183,Полимер,C8D5H3,Полидейтеростиролл(дейтерированный в ядре),Виниловые и родственные
184,Мономер,C8D8,Дейтеростирол,Виниловые и родственные
185,Мономер,C3H6,Циклопропан,Циклоалканы
186,Полимер,C5H9O2N1,Циклический уретан1,Полиуретан
187,Полимер,C8D8,Полидейтеростирол,Виниловые и родственные
188,Мономер,C4H8,Циклобутан,Циклоалканы
189,Полимер,C6H12Si1,Поли-[1-триметилсилил-1-пропин],Полиены
190,Мономер,C8H8,Стирол,Виниловые и родственные
191,Полимер,C8H8,Полистирол,Виниловые и родственные
192,Полимер,C9H10,Поли-α-метилстирол,Виниловые и родственные
193,Мономер,C9H10,α-Метилстирол,Виниловые и родственные
194,Мономер,C8H4N2,1.4-Дицианобензол,Нитрилы
195,Мономер,C3H4O2,Акриловая кислота,Виниловые и родственные
196,Полимер,C3H4O2,Полиакриловая кислота,Виниловые и родственные
197,Полимер,C7H14Si1,Полиметилдиаллилсилан,Полиены
198,Мономер,C7H14Si1,Диаллилметилсилан,Органосиланы
199,Мономер,H2,Диводород,Неорганические соединения
200,Полимер,C4H6,цис-1.4-Полибутадиен,Полиалкеномеры
201,Мономер,C8H14O2,н-Бутилметакрилат,Акрилаты
202,Мономер,C4H6,Циклобутен,Циклоалкены
203,Мономер,C12H12Ge,Дифенилгерман,Органогерманы
204,Мономер,C2H4,Этилен,Алкены
205,Полимер,C1H2,Полиэтилен,Полиалкены
206,Полимер,C6H10,Полигексеномер,Полиалкеномеры
207,Полимер,C5H8,цис-Полипентеномер,Полиалкеномеры
208,Мономер,C3H3O1,Пропилакрилат,Акрилаты
209,Полимер,C8H14,Поливинилциклогексан,Виниловые и родственные
210,Мономер,C10H18Si,5-Триметилсилилнорборнен-2,Норборнены
211,Полимер,[-C10H18Si-],Поли-5-триметилсилилнорборнен-2,Норборнены
212,Мономер,C6H10,Циклогексен,Циклоалкены
213,Мономер,C4H8,Бутен-1,Алкены
214,Мономер,C4H8,цис-Бутен-2,Алкены
215,Мономер,C4H8,транс-Бутен-2,Алкены
216,Полимер,C4H6,транс-1.4-Полибутадиен,Полиалкеномеры
217,Мономер,C4H6,Бутадиен-1.3,Алкадиены
218,Полимер,C7H12,Поли-4-метилгексеномер,Полиалкеномеры
219,Мономер,C48H40Si8O12,Октафенилгексациклооктасилоксан(кубический октамер),Силоксаны
220,Мономер,C5H13Si1N1,Триметилсилилэтинилимин,Имины
221,Мономер,C5H13Si1N1,Тириметилсилилэтинилимин,Имины
222,Полимер,C7H14Si1,Полиаллилвинилдиметилсилан,Полисиланы
223,Полимер,C13H12O4N2P1Na1,ПАК-ПФ-ДП,Интерполимерные комплексы
224,Полимер,C8H8,Полистирол (синдиотактический),Виниловые и родственные
225,Мономер,C60H36,Гидрид фуллерена C60,Фуллерен
226,Полимер,C4H6O,Сополимер монооксида углерода с пропиленом,Сополимеры СО с алкенами
227,Полимер,C4H6O,Сополимер монооксида углерода с пропиленом (1),Сополимеры СО с алкенами
228,Мономер,C1O1,Монооксид углерода  II (СО),Оксиды
229,Полимер,P1O3Na1,Полифосфат натрия,Полифосфаты
230,Полимер,C13H12O5N2P1Na1,ПАК-ПФ-ДП,Интерполимерные комплексы
231,неизвестно,C10H8N2,"4,4' - Дипиридил",Гетероциклы
232,Полимер,C3H4N1O2,Полициклодиметиленуретан,Полиуретан
233,Мономер,C3H4N1O2,Пятичленный уретан,Уретаны
234,Полимер,C2H2,транс-Полиацетилен,Полиены
235,Мономер,C12H10,Дифенил,Бензолы
236,Мономер,C36H30Si3O3,Гексафенилциклогексасилоксан,Циклосилоксаны
237,Мономер,C48H40Si4O4,Октафенилциклотетрасилоксан,Циклосилоксаны
238,Полимер,C8H5Au1,Фенилацетиленид золота,Координационные
239,Полимер,C12H10Si1O1,Полидифенилсилоксан,Полисилоксаны
240,Мономер,C24H20P1Cl1O4,тетрафенилфосфониумперхлорат,перхлораты
241,Мономер,C24H20As1Cl1O4,Тетрафениларсениумперхлорат,Перхлораты
242,Полимер,C8H13Cu1,Гексилацетиленид меди,Координационный полимер
243,Мономер,Na1Zr2P3O12,Натрийцирконийфосфат,Фосфаты
244,Полимер,C16H10Hg1,Дифенилацетилинид ртути,Координационные
245,Мономер,C5Y5H1N1,Пятичленный уретан,Уретаны
246,Мономер,C20H30Si2N2ZnCl2,(диметилфенилсилил)этиленимин-ZnCI2,Имины
247,Мономер,C10H26Si2N2ZnCl2,(триметилсилил)этиленимин-ZnCl2,Имины
248,Мономер,C16H38Si2N2ZnCl2,(триэтилсилил)этиленимин ZnCl2,Имины
249,Полимер,C6H12Si1,Полидиметилсилациклопентен,Полиорганосиланы
250,Мономер,C6H12Si1,Диметилсилациклопентен,Полиорганосиланы
251,Полимер,C60,Тетрагональный фуллетит,Фуллериты
252,Полимер,C60,Орторомбический фуллерит,Фуллериты
253,Полимер,C4H4O4,Полигликолид,Полиэфиры
254,Полимер,C6H12,Поли-4-метилпентен-1,Полиалкены
255,Полимер,C8H14,транс-Изопренпропиленовый сополимер,Полиалкены сополимер
256,Полимер,C5H8,транс-Полипентеномер,Полиалкеномеры
257,Полимер,C5H5,транс-Полипентеномер,Полиалкеномеры
258,Мономер,C10H18O9N2,дикарбоновые кислоты,кислоты
259,Полимер,[-C7H12-],Полигептеномер,Полиалкеномеры
260,Полимер,C7H14Si1,полидиаллилметилсилан,полимер
261,Полимер,c12,G-1 (Und- Me),дендримеры
262,неизвестно,C4H3Cl3,"Поли-1,2,3-трихлорбутадиен",Полибутадиены
263,Мономер,C5H9N1O2,цикло(метилтриметиленуретан),Уретаны
264,Полимер,C5H9N1O2,поли(метилтриметиленуретан),Полиуретан
265,Полимер,C9H8O1,Сополимер СО со стиролом,Сополимеры СО с алкенами
266,Полимер,"C5,5H10Si1",Фуллеренсодержащий поли(силдиметил)триметилен,Фуллериты
267,Полимер,C100,G-2(Und-MPhB),дендримеры
268,Мономер,C12H8O2,Диоксин,Диоксины
269,Мономер,C12H8O2Cl,Хлордиоксин,Диоксины
270,Мономер,C10Si1N1H15,Диметилфенилсилилэтиленимин,Имины
271,Полимер,с,Лактоглобулин,биополимер
272,Полимер,с,Альбумин,биополимер
273,Полимер,с,Миоглобин,биополимер
274,Полимер,c1,Триптофан,биополимер
275,Мономер,C12H8O2,Диоксин,Диоксины
276,Мономер,C12H8O2Cl,Хлордиоксин,Диоксины
277,Полимер,C11O3H8Cr1,Политрикарбонилхрома,Виниловые и родственные
278,Полимер,C8H8,Полистирол (синдиотактический),Виниловые и родственные
279,Полимер,C8H8,Изотактический полистирол,Виниловые и родственные
280,Полимер,C8H8,Полистирол (синдиотактический),Виниловые и родственные
281,Полимер,C8H8,Изотактический полистирол,Виниловые и родственные
282,Полимер,C8H8,Полистирол (синдиотактический),Виниловые и родственные
283,Полимер,C8H8,Полистирол,Виниловые и родственные
284,Полимер,C9H12O2,"Полибицикло[2,2,1]-гепт-2-ен-5-ацетат",Полинорборнены
285,Полимер,C1,метатезисный полинорборнен,Полинорборнены
286,Полимер,C2,fаддитивный полинорборнен,Полинорборнены
287,Полимер,C3,метатезисный полидициклопентадиен,Полинорборнены
288,Полимер,C4,аддитивный полинорборнен,Полинорборнены
289,Полимер,CH0.84Cl0.07O0.28,Альфа-карбин (Л-178),Карбиноидная структура
290,Полимер,C1H0.83Cl0.05O0.23,"Вета-карбин, Л-181",Карбиноидная структура
291,Полимер,C16H10Hg1,Дифенилацетилинид ртути,Координационные
292,Полимер,C8H5Cu,Фенилацетиленид меди,Координационные
293,Полимер,C4H3Cu,Винилацетиленид меди,Координационные
294,Полимер,C8H5Cu,Фенилацетиленид меди,Координационные
295,Полимер,C10H5Cu,Фенилэтинилацетиленид меди,Координационные
296,Полимер,C8H5Ag,Фенилацетиленид серебра,Координационные
297,Полимер,C6H9CU,Бутилацетиленид меди,Координационные
298,Мономер,C4N1,Триэтилимин,Х
299,Мономер,C1,Триэтилимин1,Х
300,Мономер,C4N1,Триэтилимин,Х
301,Мономер,C1,Триэтилимин1,Х
302,Полимер,C9H7Cu,бензилацетиленид меди,Координационные
303,Полимер,C10H5Cu,Фенилэтинилацетиленид меди,Координационные
304,Полимер,C8H5Ag,Фенилацетиленид серебра,Координационные
305,Полимер,C9H8O1,Сополимер СО со стиролом,Сополимеры СО с алкенами
306,Полимер,C6H9CU,Бутилацетиленид меди,Координационные
307,Полимер,C9H7Cu,бензилацетиленид меди,Координационные
308,Полимер,C10H5Cu,Фенилэтинилацетиленид меди,Координационные
309,Полимер,C8H5Cu,Фенилацетиленид меди,Координационные
310,Полимер,C6H9CU,Бутилацетиленид меди,Координационные
311,Полимер,C8H5Ag,Фенилацетиленид серебра,Координационные
312,Полимер,C8H5Au1,Фенилацетиленид золота,Координационные
313,Полимер,C16H10Hg1,Дифенилацетилинид ртути,Координационные
314,Полимер,C4H3Cu,Винилацетиленид меди,Координационные
315,Полимер,C8H5Cu,Фенилацетиленид меди,Координационные
316,Полимер,C8H5Ag,Фенилацетиленид серебра,Координационные
317,Полимер,C1H0.83Cl0.05O0.23,"Вета-карбин, Л-181",Карбиноидная структура
318,Полимер,C9H8O1,Сополимер СО со стиролом,Сополимеры СО с алкенами
319,Полимер,C1H0.83Cl0.05O0.23,"Вета-карбин, Л-181",Карбиноидная структура
320,Полимер,C6H11N1O2,PUR5,Полиуретан
321,Полимер,CH0.84Cl0.07O0.28,Альфа-карбин (Л-178),Карбиноидная структура
322,Полимер,C7H13N1O2,PUR6,Полиуретан
323,Полимер,CH0.84Cl0.07O0.28,Альфа-карбин (Л-178),Карбиноидная структура
324,Полимер,C1H0.83Cl0.05O0.23,"Вета-карбин, Л-181",Карбиноидная структура
325,Полимер,CH0.84Cl0.07O0.28,Альфа-карбин (Л-178),Карбиноидная структура
326,Полимер,C1H0.83Cl0.05O0.23,"Вета-карбин, Л-181",Карбиноидная структура
327,Полимер,C1,беташ-капбин,Карбиноидная структура
328,Полимер,C16H16O5Cr,сополимер метилметакрилата и стиролтрикарбонилхрома,сополимер
329,Полимер,C16,G-2(Und-All),дендримеры
330,Полимер,с,миоглобин,биополимеры
331,Полимер,C16H16O5Cr,сополимер метилметакрилата и стиролтрикарбонилхрома,сополимер
332,Полимер,C6H9CU,Бутилацетиленид меди,Координационные
333,Полимер,C8H13Cu1,Гексилацетиленид меди,Координационные
334,Полимер,C4H3Cu,Винилацетиленид меди,Координационные
335,Полимер,C10H5Cu,Фенилэтинилацетиленид меди,Координационные
336,Полимер,C9H7Cu,бензилацетиленид меди,Координационные
337,Полимер,C8H5Cu,Фенилацетиленид меди,Координационные
338,Полимер,C8H5Ag,Фенилацетиленид серебра,Координационные
339,Полимер,C8H5Au1,Фенилацетиленид золота,Координационные
340,Мономер,C1,Триэтилимин1,Х
341,Мономер,C1,Стиролтрикарбонилхром,Стиролы
342,Полимер,C10H6O1F10,полифторнорборнен-2,Полинорборнены
343,Полимер,c9h6f8,полифторнорборнен-1,ОШИБКА
344,Полимер,C10H6O1F10,полифторнорборнен-2,Полинорборнены
345,Мономер,C11H8O3Cr,стиролхромтрикарбонил,Виниловые и родственные
346,Мономер,C12H10O3Cr,a-метилстиролтрикарбонилхром,Виниловые и родственные
347,Мономер,C11H8O3Cr,стиролхромтрикарбонил,Виниловые и родственные
348,Мономер,C12H10O3Cr,р-метилстиротрикарбонилхром,Виниловые и родственные
349,Полимер,C16,G-2(Und-All),дендримеры
350,Полимер,C10H6O1F10,полифторнорборнен-2,Полинорборнены
351,Полимер,C60H40,русановполимер,полиареновые
352,Мономер,C52H34O2,русанов (мономер),Циклоалкены
353,Мономер,C24H24Si4O8,Тетрол,Циклосилоксаны
354,Полимер,C16,G-2(Und-All),дендримеры
355,Полимер,C9H8O1,Сополимер СО со стиролом,Сополимеры СО с алкенами
356,Мономер,C48H44Si8O14,Димер тетрола,Циклосилоксаны
357,Полимер,C9H8O1,Сополимер СО со стиролом,Сополимеры СО с алкенами
358,Полимер,C24H20Si4O6,Полифенилсилсесквиоксан,Полисилоксаны
359,Мономер,c1,G-5(All)128,дендримеры
360,Олигомер,C60,димер(Ляпин),фуллериты
361,Полимер,C2F4,Политетрафторэтилен,Виниловые и родственные
362,Полимер,C2F6,Mah2,Виниловые и родственные
363,Полимер,C60H40,русановполимер,полиареновые
364,Олигомер,C60,димер(Ляпин),фуллериты
365,Олигомер,C60,"С60(1.5 ГПа, 423 К)",фуллериты
366,Олигомер,C60,димер(Ляпин),фуллериты
367,Полимер,C228H394O63N12,СПУ,Сетки
368,Мономер,Na1,NaHSiUO6*H2O,супер
369,Полимер,C16H12O2N4F4,Полимочевина,Полимочевина
370,Полимер,C60,RC60(Давыдов),Фуллериты
371,Мономер,C24H32O8,Дибензо-24-краун-8,Краунэфиры
372,Полимер,"C19,449H20,623O4,587N2,275F2,275",Полиротаксан (52% ПМ+48% КЭ),Полиротаксаны
373,Мономер,C24H32O8,Дибензо-24-краун-8,Краунэфиры
374,Мономер,Na5Zr1P3O12,Na5ZrP3O12,Фосфаты
375,Олигомер,C60,"С60 (1.3 ГПа, 560 К), орторомб",фуллериты
376,Мономер,Na5Zr1P3O12,Na5ZrP3O12,Фосфаты
377,Олигомер,C60,"С60 (1.3 ГПа, 560 К), орторомб",фуллериты
378,Мономер,Na5Zr1P3O12,Na5ZrP3O12,Фосфаты
379,Мономер,C24H32O8,Дибензо-24-краун-8,Краунэфиры
380,Полимер,C2F4,Политетрафторэтилен,Виниловые и родственные
381,Полимер,C2F6,Mah2,Виниловые и родственные
382,Мономер,C19H18O3N2,Спиропиран,спиросоед
383,Полимер,C4H4O2N1P1F6,Поли-[бис-(трифторэтокси)-фосфазен],Полифосфазены
384,Полимер,C3H6,стереоблочный полипропилен,Полиалкены
385,Полимер,C3H6,гемиизотактический полипропилен,Полиалкены
386,Полимер,C3H6,стереоблочный полипропилен,Полиалкены
387,Полимер,C3H6,гемиизотактический полипропилен,Полиалкены
388,Полимер,C3H6,стереоблочный полипропилен,Полиалкены
389,Полимер,C3H6,гемиизотактический полипропилен,Полиалкены
390,Полимер,C3H6,стереоблочный полипропилен,Полиалкены
391,Полимер,C3H6,гемиизотактический полипропилен,Полиалкены
392,Полимер,C3H6,стереоблочный полипропилен,Полиалкены
393,Полимер,C3H6,гемиизотактический полипропилен,Полиалкены
394,Полимер,C3H6,стереоблочный полипропилен,Полиалкены
395,Мономер,C6H8O5Co,Моногидрат акрилата собальта,Акрилаты
396,Полимер,C3H6,стереоблочный полипропилен,Полиалкены
397,Мономер,C6H8O5Co,Моногидрат акрилата собальта,Акрилаты
398,Полимер,C3H6,стереоблочный полипропилен,Полиалкены
399,Мономер,C6H8O5Co,Моногидрат акрилата собальта,Акрилаты
400,Полимер,C3H6,гемиизотактический полипропилен,Полиалкены
401,Полимер,C6H8O5Co,Монокристаллогидрат полиакрилата кобальта,Полиакрилаты
402,Полимер,C5.784497H9.568994O2,Сополимер 80%ММА + 20%ОМА,Виниловые и родственные
403,Полимер,C5.919758H9.655286O2.010235N0.02047,80% ММА+20% ОМА + 3% СПП,Виниловые и родственные
404,Полимер,C6.224825H9.849908O2.033319N0.066638,Сополимер 80% ММА + 20% ОМА + 10% СПП,Виниловые и родственные
405,Полимер,C1.236,Соп. 80%ММА и 20 %ОМА,Виниловые и родственные
406,Полимер,C125.2,ФПК-1 (3%СПП),Виниловые и родственные
407,Полимер,C1.265,ФПК-2 (10%СПП),Виниловые и родственные
408,Полимер,C12N54K12,G-5(BU),дендримеры
409,Полимер,C12H25N63,Bodr1,Огнестойкие
410,Мономер,C7H8,Норборнадиен,Циклодиены
411,Полимер,C1,Карбин,Карбиноидная структура
412,Полимер,C123.2H53.256N56.21O2.054,Витур,Сетки
413,Полимер,C10.25H56.35N1.258O56.3,ДЦЭБА-ВИТУР (50:50),Сетки
414,Полимер,C25H56.9O2.176N0.36,ДЦЭБА:ВИТУР(25 : 75),Сетки
415,Полимер,"C235H23N2,3O1,2",ДЦБЭА:Витур(75:25),Сетки
416,Полимер,C25H56.9O2.176N0.36,ДЦБЭА:ВИТУР(25 : 75),Сетки
417,Полимер,C1,"10УВ+20УГС+70ПТФЭ(№1, посл)",политетрафторэтилен+наполнители
418,Полимер,C14H26O4N2,"1,6 гександиол 1,6 ГМДУ",Полиуретан
419,Олигомер,C60,"С60(1.5 ГПа, 423 К)",фуллериты
420,Полимер,C60,Орторомбический фуллерит,Фуллериты
421,Олигомер,C60,димер(Ляпин),фуллериты
422,Полимер,C60,Орторомбический фуллерит,Фуллериты
423,Полимер,C14H26O4N2,"1,6гександиол1,6гмди",Полиуретан
424,Полимер,C14H26O4N2,"1,6 гександиол 1,6 ГМДУ",Полиуретан
425,Полимер,C14H26O4N2,"1,6гександиол1,6гмди(сr and am)",Полиуретан
426,Полимер,C14H26O4N2,"1,6гександиол)",Полиуретан
427,Полимер,C14H26O4N2,"1,6гександиол",Полиуретан
428,Полимер,C14H26O4N2,"1,6гександиол1,6гмди(сr and am)",Полиуретан
429,Полимер,C1,PMMA-C60,Фуллериты
430,Мономер,C6H8N2O2,"1,4-диизоцианатобутан",Диизоцианат
431,Мономер,C4H10O2,"1,4-бутандиол",Диолы
432,Мономер,C6H8N2O2,"1,4-диизоцианатобутан",Диизоцианат
433,Полимер,C34,Гель1,Гели
434,Полимер,C1,PMMA,фуллериты
435,Полимер,C1,ПММА-С70,Фуллериты
436,Полимер,C12H22N2O4,"бутандиолгексаметиленПУ-4,6",Полиуретан
437,Полимер,C14H26O4N2,"1,6гександиол1,6гмди(сr and am)",Полиуретан
438,Полимер,C12H22N2O4,"бутандиолгексаметиленПУ-4,6",Полиуретан
439,Полимер,C1,ПММА+20ПФГ,Полиакрилаты
440,Полимер,C1,ПММА+20 ПФГ (new),Полиакрилаты
441,Полимер,C1,ПММА-С70,Фуллериты
442,Полимер,C13H12O5N2P1Na1,ПАК-ПФ-ДП,Интерполимерные комплексы
443,Полимер,"C17,2H17,6O11,1N2P2,1Na2,1",ИПКП-2 (без воды),Интерполимерные комплексы
444,Мономер,C32H28Sb1O1N1,Ph4SbONCPhCH3,сурьма
445,Мономер,C37H30Sb1O1N1,Ph4SbONCPh2,сурьма
446,Мономер,C32H28Sb1O1N1,Ph4SbONCPhCH3,сурьма
447,Мономер,C32H28Sb1O1N1,Ph4SbONCPh2,сурьма
448,Мономер,"Li12C65,5H11,2O1,4",Li12C60(THF)1.4,Фулерены
449,Мономер,Al2O3,корунд,оксиды
450,Мономер,Rb1Nb1W1O6,RbNbWO6,вольфраматы
451,Мономер,Al2O3,корунд,Оксиды
452,Мономер,Rb1Nb1W1O6,RbNbWO6,вольфраматы
453,Мономер,Li1V1W1O6,LiVWO6,вольфраматы
454,Мономер,"Mg0,5Zr2P3O12","Mg0,5Zr2(PO4)3",Фосфаты
455,Мономер,C32H28Sb1O1N1,Ph4SbONCPhCH3-2,сурьма
456,Мономер,C32H28Sb1O1N1,Ph4SbONCPhMe,сурьма
457,Мономер,C32H28Sb1O1N1,Ph4SbONCPh2,сурьма
458,Мономер,C30H25Sb1,Ph5Sb,сурьма
459,Мономер,C32H28Sb1O1N1,Ph4SbONCPhMe,сурьма
460,Мономер,Li1V1W1O6,LiVWO6,вольфраматы
461,Мономер,C32H28Sb1O1N1,Ph4SbONCPhMe,сурьма
462,Мономер,C32H28Sb1O1N1,Ph4SbONCPh2,сурьма
463,Мономер,C37H30Sb1O1N1,Ph4SbONCPh2,сурьма
464,Мономер,Na1V1W1O6,NaVWO6,вольфраматы
465,Мономер,C34H31Sb1O2N2,Ph3Sb(ONCPhMe)2,сурьма
466,Мономер,Cs1Ta1W1O6,CsTaWO6,вольфраматы
467,Мономер,"Ba0,5Zr2P3O12","Ba0,5Zr2(PO4)3",Фосфаты
468,Мономер,Cs1Ta1W1O6,CsTaWO6-1,вольфраматы
469,Мономер,Rb1Nb1W1O6,RbNbWO6-1,вольфраматы
470,Мономер,Cs1Ta1W1O6,CsTaWO6-1,вольфраматы
471,Мономер,Rb1Nb1W1O6,RbNbWO6-1,вольфраматы
472,Мономер,Rb1Nb1W1O6,RbNbWO6,вольфраматы
473,Мономер,"Ba0,5Zr2P3O12","Ba0,5Zr2(PO4)3",Фосфаты
474,Мономер,Rb1Nb1W1O6,RbNbWO6-1,вольфраматы
475,Мономер,C34H31Sb1O2N2,Ph3Sb(ONCPhMe)2-2,сурьма
476,Мономер,C34H31Sb1O2N2,Ph3Sb(ONCPhMe)2,сурьма
477,Мономер,C11H20O2,2-этил-гексил-акрилат,акрилаты
478,Полимер,[-C6H12-],Полигексен-1,Полиалкены
479,Полимер,C11H20O2,поли-2-этил-гексил-акрилат,Акрилаты
480,Мономер,C11H20O2,2-этил-гексил-акрилат,акрилаты
481,Полимер,C11H20O2,поли-2-этил-гексил-акрилат,Акрилаты
482,Мономер,C11H20O2,2-этил-гексил-акрилат,акрилаты
483,Мономер,Na1Zr2As3O12,NaZr2(AsO4)3,Арсенаты
484,Мономер,Mo1C76H20,гапта6метаксилол2МоС60,Фуллерен
485,Мономер,C34H31Sb1O2N2,Ph3Sb(ONCPhMe)2,сурьма
486,Мономер,Sb1O4C26H25,Ph3Sb(O2CC(CH3)CH2)2,сурьма
487,Мономер,C34H31Sb1O2N2,Ph3Sb(ONCPhMe)2,сурьма
488,Мономер,C34H31Sb1O2N2,Ph3Sb(ONCPhMe)2-2,сурьма
489,Полимер,C1,(со)ПФГ1,ПФГ
490,Мономер,Sb1O4C26H25,Ph3Sb(O2CC(CH3)CH2)2,сурьма
491,Мономер,C11H16,C6H5-C5H11,Пимерзин
492,Мономер,K2Fe2Ti6O16,K2Fe2Ti6O16,Князев
493,Мономер,K2Fe2Ti6O16,K2Fe2Ti6O16-2,Князев
494,Мономер,K2Fe2Ti6O16,F2Fe2Ti6O16,Князев
495,Мономер,C24H21O4Sb1,Ph3Sb(O2CCH=CH2)2,сурьма
496,Мономер,Sb1O4C26H25,Ph3Sb(O2CC(CH3)CH2)2,сурьма
497,Олигомер,C21H29N3O5S,fMLF-OMe,Пептиды
498,Мономер,C1H1O14,диметакрилат сурьмы,сурьма
499,Мономер,C1,ампула,ампула
500,Мономер,Sb1O4C26H25,Ph3Sb(O2CC(CH3)CH2)2,сурьма
501,Мономер,C26H25O4Bi1,Ph3Bi(O2CCMe=CH2)2,сурьма
502,Мономер,C32H28Sb1O1N1,Ph4SbONCPhMe,сурьма
503,Мономер,C40H45O4Sb1,Ph3Sb(AKK)2,сурьма
504,Мономер,C40H45O4Sb1,Ph3Sb(AKK)2-2,сурьма
505,Мономер,C40H45O4Sb1,Ph3Sb(AKK)2,сурьма
506,Мономер,Li4Ti5O12,Li4Ti5O12,Князев
507,Мономер,Li4Ti5O12,Li4/3Ti5/3O4,Князев
508,Мономер,C1,"G3(SiOSi, 3EtOx)",дендримеры Музафарова
509,Мономер,C1,[(n6-(EtOBz))2Cr]*+[C60]*-,фуллерид
510,Мономер,C1,[(n6-(EtOBz))2Cr]*+[C60]*-   2,фуллерид
511,Мономер,C1,"G6(SiOSi,3EtOx)",дендримеры Музафарова
512,Мономер,C1,"G6(SiOSi, EtOx)",дендримеры Музафарова
513,Мономер,C40H45O4Sb1,Ph3Sb(AKK)2-2,сурьма
514,Мономер,Co7Sb2O12,Co7/3Sb2/3O4,Князев
515,Мономер,C80H100Yb2N4O4Cl2C6H6C6H6,1A,Федюшкин
516,Мономер,Cs1Co1P1O4,CsCoPo4,Фосфаты
517,Мономер,Cs1Co1P1O4,CsCoPO4,фосфат
518,Мономер,C30H25Sb1,Ph5Sb,+++
519,Олигомер,C1,Д2-С12Н25,Дендроны
520,Полимер,Si3C14H34O3,"G3(SiOSi,Eox)",дендримеры
521,неизвестно,Na3Pb2S3O12Cl,Na3Pb2(SO4)3Cl,Неорганические соединения
522,Мономер,C10H18O1,Терпен1,Терпены
523,Мономер,NaGdTiO4,Вещество Ани (Санкт-Петербург),Gd
524,Мономер,NaGdTiO4,NaGdTiO4,Соединения гадолиния Gd (Санкт-Пете)
525,Мономер,NaGdTiO4,Вещество Ани (Санкт-Петербург),Gd
526,Мономер,Na2Gd2Ti3O10,Na2Gd2Ti3O10,Gd
527,Полимер,C1,Жидкокристаллический карбосилановый дендример первой генерации с концевыми метоксифенилбензоатными группами,дендримеры
528,Мономер,Na2GdTiO4,Na2GdTiO4,Соединения Gd
529,Мономер,NaGdTiO4,Вещество Ани (Санкт-Петербург),Gd
530,Мономер,Na2GdTiO4,Na2GdTiO4,Соединения Gd
531,Полимер,C272 H428 Si21O48,Жидкокристаллический карбросилановый дендример первой генерации с концевыми метоксифенлбензоатными группами,дендримеры
532,Полимер,C1,G-4(Und-MPhB),дендримеры
533,Мономер,C60O22H22,Фуллеренол,Фулерены
534,Олигомер,C139H156N6O2,Д2-С2Н5 (1),Дендроны
535,Мономер,C8H6F8O2,Октафторметилакрилат,Акрилаты
536,Мономер,C8H6F8O2,Октафторпентилакрилат,Акрилаты
537,Мономер,C91H60N6O2,D3-PhPy,дендроны
538,Мономер,C203H132N14O2,D3-PhPy,дендроны
539,Мономер,C8H6F8O2,Октафторпентилакрилат,Акрилаты
540,Мономер,C1,"[(n6-Ph2)2Cr]""+[C70]""",фуллерид
541,Полимер,C40H25O2N4,Полифенилхиноксалин + нанокристаллический Fe3O4,Композит с Fe3O4
542,Мономер,S,S32,Изотопы Серы
543,Мономер,S,S34,Изотопы Серы
544,Мономер,S,S32-S34,Изотопы Серы
545,Олигомер,C46H138O21Si22,Силоксановый дендример второй генерации с концевыми триметилсесквиоксановыми группами,lдендримеры
546,Олигомер,C94H282O45Si46,Силаксаноый дендример третьей генирации с концевыми триметилсесквиоксановыми группами,дендример
547,Полимер,C40H25O2N4,Композит на основе полифенилхиноксалина и наночастиц оксида железа,Композит с Fe3O4
548,Полимер,C1,Полиэтиленоксим,Полиоксимы
549,Полимер,C1,Композит на основе полифенилхиноксалина и наночастиц оксида цинка,Композит с ZnO
550,Полимер,C1,Полиоксим со стиролом,Полиоксимы
551,Мономер,"Zn0,5Ti2P3O12",Zn05Ti2(PO4)3,Фосфаты
552,Мономер,Co1,Бубнов,+++
553,Полимер,C1,Полиэтиленоксим,Полиоксимы
554,Полимер,C1,Полиоксим с этиленом  05.11.2019,Полиоксимы
555,Полимер,C1,G4-TMS,dendrimr
556,Мономер,C60O22H22,Фуллеренол C60(OH)22,Фуллеренол
557,Мономер,C60(OH)24,C60(OH)24,Фуллеренол
558,Мономер,C60(OH)40,C60(OH)40 (лит.данные),Фуллеренол
559,Полимер,C3.7,терполимерСОЭБ35,наташа
560,Полимер,c60,G4J,dendrimr
561,неизвестно,RbMoO6,певое,сулейманов
562,Полимер,C1H1,шефрина1,дендримеры
563,Полимер,C1O1N1H1,ПЭПО,полиоксимы
564,Олигомер,C12,глицин-вода,князев
565,Полимер,C12,первый_смеш,dendrimr
566,Мономер,K1Ti1,Титан,Петьков
567,Мономер,C5H4N4,Gehby,Князев
568,Полимер,C2,G1,dendrimr
569,Полимер,C1,ПЭБО,наташа
570,Полимер,C72H172Si13,G1(Cm),dendrimr
571,Полимер,C1,ПЭПО,наташа
572,Полимер,C1772,G6,dendrimr
573,неизвестно,Rb1Ni1,Ниобий,Слейманов
574,неизвестно,Rb1Te1,RbTe,сулейманов
575,Полимер,C234,композиция,dendrimr
576,Полимер,C231,комплекс2,dendrimr
577,Полимер,C308H444N24Si24,St156,dendrimr
578,Полимер,C308H444,TS156,dendrimr
579,Полимер,C305H444N24Si24,Л156,dendrimr
580,Полимер,C608H604Si29,С608H604Si29,dendrimr
581,Мономер,C1H5N2Pb1I3,Италия1,италия
582,Мономер,C1I3,2,Италия
583,Полимер,C305H444N24Si24,Л156,dendrimr
584,Полимер,C1,Полиоксим со стиролом,Полиоксимы
585,Полимер,C1,ПЭПО,наташа
586,Полимер,C,"ПЭПК23,4%",наташа
587,Полимер,"C23,4","ПЭПК23,4%",наташа
588,Полимер,"C14,6",ПЭБК,наташа
589,Полимер,C3,ПЭК,наташа
590,Полимер,C308H444,TS156,dendrimr
591,Полимер,C305H444N24Si24,Л156,dendrimr
592,Полимер,C385H604N24Si24,Л156,dendrimr
593,Полимер,C385,83,dendrimr
594,Мономер,C12,CAS,успенская
595,Мономер,C12,C12F7(Ti5),успенская
596,Мономер,C12,C12A7,успенская
597,Мономер,C7H8N4O2,теотропин,Князев
598,Полимер,C234,композиция,dendrimr
599,Полимер,XC,композ1,dendrimr
600,Полимер,C12,композ2,dendrimr
601,Полимер,C234,композиция,dendrimr
602,Полимер,C12,ПЭПО13,Полиоксимы
603,Олигомер,C1,Изомер1,федюшкин
604,Олигомер,C2,изомер2,федюшкин
605,Мономер,C56,gkjhkjh,+++
606,Мономер,K5,KMgZr(PO4)3,Петьков
607,Олигомер,c1,Князев22С,Князев
608,Мономер,C16H20S6O6,Белый порошок23,италия
609,Полимер,C385,83,dendrimr
610,Мономер,H2Nd2TI3O10,зверева2,зверева
611,Мономер,H12C4Nd2Ti3O1,зверева3,зверева
612,Мономер,H12C4Nd2Ti3O11,зверева3,зверева
613,Мономер,C1,Гидро,Гармоны
614,Мономер,C4,Бубнов23,Гармоны
615,Мономер,c11,бубнов,+++
616,Олигомер,c12,петьков23,петьков
617,Мономер,C16H20S6O6,Белый порошок23,италия
618,неизвестно,C16H26,полиморф,Бубнов
619,неизвестно,Cs1,Ретьков Цезый,Петьков
